7,19-10-2012,516424.83,0,43.01,3.75,199.1481963,7.557
7,26-10-2012,495543.28,0,42.53,3.686,199.2195317,7.557
8,05-02-2010,1004137.09,0,34.14,2.572,214.4714512,6.299
8,12-02-2010,994801.4,1,33.34,2.548,214.6214189,6.299
8,19-02-2010,963960.37,0,39.1,2.514,214.6664878,6.299
8,26-02-2010,847592.11,0,37.91,2.561,214.6940735,6.299
8,05-03-2010,881503.95,0,45.64,2.625,214.7216592,6.299
8,12-03-2010,860336.16,0,49.76,2.667,214.7492449,6.299
8,19-03-2010,839911,0,47.26,2.72,214.5764954,6.299
8,26-03-2010,772539.12,0,46.51,2.732,214.3703567,6.299
8,02-04-2010,914500.91,0,60.18,2.719,214.164218,6.29
8,09-04-2010,916033.92,0,59.25,2.77,213.9580793,6.29
8,16-04-2010,882917.12,0,62.66,2.808,213.8186357,6.29
8,23-04-2010,850440.26,0,56.1,2.795,213.768119,6.29
8,30-04-2010,778672.64,0,61.01,2.78,213.7176024,6.29
8,07-05-2010,916820.96,0,62.68,2.835,213.6670857,6.29
8,14-05-2010,873337.84,0,61.35,2.854,213.6655355,6.29
8,21-05-2010,818333.21,0,66.03,2.826,213.9577839,6.29
8,28-05-2010,868041.56,0,74.71,2.759,214.2500323,6.29
8,04-06-2010,958225.41,0,75.71,2.705,214.5422806,6.29
8,11-06-2010,914835.86,0,82.21,2.668,214.834529,6.29
8,18-06-2010,869922.56,0,78.79,2.637,214.8324452,6.29
8,25-06-2010,814919.11,0,81.78,2.653,214.7126286,6.29
8,02-07-2010,852333.75,0,74.78,2.669,214.5928119,6.315
8,09-07-2010,845289.77,0,72.49,2.642,214.4729952,6.315
8,16-07-2010,848630.57,0,77.49,2.623,214.4640599,6.315
8,23-07-2010,785515.88,0,78.29,2.608,214.6029664,6.315
8,30-07-2010,787295.09,0,76.02,2.64,214.7418728,6.315
8,06-08-2010,893399.77,0,80.37,2.627,214.8807793,6.315
8,13-08-2010,867919.21,0,80.11,2.692,215.0196857,6.315
8,20-08-2010,870676.44,0,79.36,2.664,214.9779825,6.315
8,27-08-2010,888816.78,0,74.92,2.619,214.9362793,6.315
8,03-09-2010,899036.47,0,76.14,2.577,214.894576,6.315
8,10-09-2010,831425.2,1,74.34,2.565,214.8528728,6.315
8,17-09-2010,836707.85,0,75.32,2.582,214.8785562,6.315
8,24-09-2010,773725.08,0,72.21,2.624,214.9547795,6.315
8,01-10-2010,804105.49,0,68.7,2.603,215.0310029,6.433
8,08-10-2010,870349.86,0,62.94,2.633,215.1072262,6.433
8,15-10-2010,826546.96,0,62.59,2.72,215.1757,6.433
8,22-10-2010,836419.14,0,62.86,2.725,215.2248,6.433
8,29-10-2010,830756.76,0,57.93,2.716,215.2739,6.433
8,05-11-2010,927266.34,0,55.76,2.689,215.323,6.433
8,12-11-2010,911538.98,0,54.89,2.728,215.3721,6.433
8,19-11-2010,885608.04,0,43.86,2.771,215.2538714,6.433
8,26-11-2010,1261693.16,1,51.07,2.735,215.1077548,6.433
8,03-12-2010,952766.93,0,42.85,2.708,214.9616381,6.433
8,10-12-2010,1069061.63,0,42.47,2.843,214.8155214,6.433
8,17-12-2010,1220579.55,0,45.03,2.869,214.7510843,6.433
8,24-12-2010,1511641.09,0,45.67,2.886,214.7479069,6.433
8,31-12-2010,773586.49,1,41.47,2.943,214.7447295,6.433
8,07-01-2011,873065.23,0,35.77,2.976,214.7415521,6.262
8,14-01-2011,809646.66,0,31.62,2.983,214.7930991,6.262
8,21-01-2011,822668.23,0,42.06,3.016,215.1729926,6.262
8,28-01-2011,782256.66,0,39.26,3.01,215.5528862,6.262
8,04-02-2011,944594.78,0,24.48,2.989,215.9327797,6.262
8,11-02-2011,996147.39,1,28.26,3.022,216.3126733,6.262
8,18-02-2011,1065108.64,0,50.64,3.045,216.6310383,6.262
8,25-02-2011,917317.15,0,51.29,3.065,216.9247918,6.262
8,04-03-2011,935266.43,0,53.18,3.288,217.2185454,6.262
8,11-03-2011,900387.29,0,49.14,3.459,217.512299,6.262
8,18-03-2011,898289.14,0,56.68,3.488,217.7705442,6.262
8,25-03-2011,827968.36,0,59.74,3.473,218.0145862,6.262
8,01-04-2011,878762.3,0,49.86,3.524,218.2586281,6.297
8,08-04-2011,949825.83,0,65.62,3.622,218.50267,6.297
8,15-04-2011,908278.74,0,63.55,3.743,218.7262524,6.297
8,22-04-2011,937473.13,0,65.11,3.807,218.8986857,6.297
8,29-04-2011,855014.77,0,62.29,3.81,219.071119,6.297
8,06-05-2011,941457.34,0,58.92,3.906,219.2435524,6.297
8,13-05-2011,895763.41,0,72.96,3.899,219.4159857,6.297
8,20-05-2011,836049.89,0,65.54,3.907,219.1746922,6.297
8,27-05-2011,857939.41,0,73.14,3.786,218.9333986,6.297
8,03-06-2011,929222.16,0,82.05,3.699,218.6921051,6.297
8,10-06-2011,897309.41,0,82.21,3.648,218.4508115,6.297
8,17-06-2011,922048.41,0,84.73,3.637,218.4021448,6.297
8,24-06-2011,864881.24,0,83.94,3.594,218.4979481,6.297
8,01-07-2011,883683.35,0,87.26,3.524,218.5937514,6.425
8,08-07-2011,861965.12,0,83.57,3.48,218.6895548,6.425
8,15-07-2011,849925.37,0,84.26,3.575,218.7746217,6.425
8,22-07-2011,829902.42,0,85.46,3.651,218.8328475,6.425
8,29-07-2011,807082.19,0,86.46,3.682,218.8910733,6.425
8,05-08-2011,892393.77,0,85.15,3.684,218.9492991,6.425
8,12-08-2011,856796.1,0,86.05,3.638,219.0075249,6.425
8,19-08-2011,895066.5,0,82.92,3.554,219.0701968,6.425
8,26-08-2011,912542.82,0,84.69,3.523,219.1336097,6.425
8,02-09-2011,891387.14,0,84.77,3.533,219.1970226,6.425
8,09-09-2011,848358.09,1,69.01,3.546,219.2604355,6.425
8,16-09-2011,870971.82,0,69.09,3.526,219.4442443,6.425
8,23-09-2011,806444.29,0,68.72,3.467,219.788581,6.425
8,30-09-2011,809049.37,0,72.2,3.355,220.1329176,6.425
8,07-10-2011,929976.55,0,67.61,3.285,220.4772543,6.123
8,14-10-2011,863188.26,0,61.74,3.274,220.7960935,6.123
8,21-10-2011,905984.49,0,59.97,3.353,220.9619484,6.123
8,28-10-2011,876712.31,0,56.86,3.372,221.1278032,6.123
8,04-11-2011,947815.05,0,49.68,3.332,221.2936581,6.123
8,11-11-2011,917088.48,0,50.56,3.297,221.4595129,6.123
8,18-11-2011,897032.19,0,51.72,3.308,221.6911738,6.123
8,25-11-2011,1235163.86,1,49.61,3.236,221.9491571,6.123
8,02-12-2011,986601.46,0,40.82,3.172,222.2071405,6.123
8,09-12-2011,1051922.95,0,30.51,3.158,222.4651238,6.123
8,16-12-2011,1118163.94,0,39.79,3.159,222.6910959,6.123
8,23-12-2011,1462254.05,0,38.16,3.112,222.8743862,6.123
8,30-12-2011,858572.22,1,36.33,3.129,223.0576765,6.123
8,06-01-2012,872113.23,0,43.47,3.157,223.2409668,5.825
8,13-01-2012,817661.76,0,36.46,3.261,223.4242571,5.825
8,20-01-2012,813954.82,0,46.81,3.268,223.5188055,5.825
8,27-01-2012,778178.53,0,45.52,3.29,223.6133539,5.825
8,03-02-2012,927610.69,0,45.56,3.36,223.7079023,5.825
8,10-02-2012,1021400.42,1,35.71,3.409,223.8024507,5.825
8,17-02-2012,1096232.89,0,37.51,3.51,223.9658621,5.825
8,24-02-2012,928537.54,0,46.33,3.555,224.1809207,5.825
8,02-03-2012,952264.91,0,50.95,3.63,224.3959793,5.825
8,09-03-2012,960115.56,0,49.59,3.669,224.6110379,5.825
8,16-03-2012,921178.39,0,56.63,3.734,224.7657327,5.825
8,23-03-2012,874223.25,0,52.9,3.787,224.8399424,5.825
8,30-03-2012,905935.29,0,66.69,3.845,224.9141521,5.825
8,06-04-2012,1046816.59,0,62.18,3.891,224.9883618,5.679
8,13-04-2012,909989.45,0,65.19,3.891,225.0625714,5.679
8,20-04-2012,872288.46,0,63.59,3.877,225.1179914,5.679
8,27-04-2012,879448.25,0,70.34,3.814,225.1734114,5.679
8,04-05-2012,937232.09,0,73.96,3.749,225.2288314,5.679
8,11-05-2012,920128.89,0,64.96,3.688,225.2842514,5.679
8,18-05-2012,913922.01,0,64.16,3.63,225.3002908,5.679
8,25-05-2012,895157.44,0,76.11,3.561,225.3005779,5.679
8,01-06-2012,921161.2,0,78.31,3.501,225.300865,5.679
8,08-06-2012,928820,0,74.28,3.452,225.3011521,5.679
8,15-06-2012,916918.7,0,77.14,3.393,225.3134743,5.679
8,22-06-2012,899449.65,0,78.85,3.346,225.3558843,5.679
8,29-06-2012,878298.22,0,84.47,3.286,225.3982943,5.679
8,06-07-2012,936205.5,0,81.24,3.227,225.4407043,5.401
8,13-07-2012,890488.01,0,78.46,3.256,225.4831143,5.401
8,20-07-2012,888834.07,0,79.94,3.311,225.4930078,5.401
8,27-07-2012,838227.52,0,81.71,3.407,225.5029014,5.401
8,03-08-2012,897076.73,0,85.06,3.417,225.5127949,5.401
8,10-08-2012,930745.69,0,83.74,3.494,225.5226885,5.401
8,17-08-2012,896613.19,0,81.21,3.571,225.6050797,5.401
8,24-08-2012,936373.65,0,73.77,3.62,225.7418442,5.401
8,31-08-2012,976137.73,0,75.33,3.638,225.8786088,5.401
8,07-09-2012,932160.37,1,80.87,3.73,226.0153733,5.401
8,14-09-2012,883569.38,0,67.21,3.717,226.1615981,5.401
8,21-09-2012,857796.45,0,66.96,3.721,226.3645848,5.401
8,28-09-2012,884724.41,0,71.1,3.666,226.5675714,5.401
8,05-10-2012,976436.02,0,61.41,3.617,226.7705581,5.124
8,12-10-2012,927511.99,0,55.03,3.601,226.9735448,5.124
8,19-10-2012,900309.75,0,62.99,3.594,227.0184166,5.124
8,26-10-2012,891671.44,0,64.74,3.506,227.0369359,5.124
9,05-02-2010,549505.55,0,38.01,2.572,214.6554591,6.415
9,12-02-2010,552677.48,1,37.08,2.548,214.8056534,6.415
9,19-02-2010,511327.9,0,43.06,2.514,214.8506185,6.415
9,26-02-2010,473773.27,0,43.83,2.561,214.8780453,6.415
9,05-03-2010,507297.88,0,48.43,2.625,214.9054721,6.415
9,12-03-2010,494145.8,0,55.76,2.667,214.932899,6.415
9,19-03-2010,485744.61,0,53.15,2.72,214.7597274,6.415
9,26-03-2010,484946.56,0,51.8,2.732,214.5531227,6.415
9,02-04-2010,545206.32,0,65.21,2.719,214.3465181,6.384
9,09-04-2010,529384.31,0,64.95,2.77,214.1399135,6.384
9,16-04-2010,485764.32,0,66.09,2.808,214.0001817,6.384
9,23-04-2010,488683.57,0,61.26,2.795,213.9496138,6.384
9,30-04-2010,491723.42,0,66.07,2.78,213.8990459,6.384
9,07-05-2010,526128.61,0,68.58,2.835,213.848478,6.384
9,14-05-2010,492792.8,0,70.53,2.854,213.8469819,6.384
9,21-05-2010,506274.94,0,71.5,2.826,214.1399162,6.384
9,28-05-2010,558143.53,0,77.12,2.759,214.4328505,6.384
9,04-06-2010,586061.46,0,79.65,2.705,214.7257848,6.384
9,11-06-2010,522715.68,0,83.75,2.668,215.0187191,6.384
9,18-06-2010,513073.87,0,82.99,2.637,215.0166484,6.384
9,25-06-2010,509263.28,0,85.02,2.653,214.8965756,6.384
9,02-07-2010,528832.54,0,78.55,2.669,214.7765028,6.442
9,09-07-2010,485389.15,0,78.51,2.642,214.6564301,6.442
9,16-07-2010,474030.51,0,82.93,2.623,214.6474453,6.442
9,23-07-2010,462676.5,0,84.49,2.608,214.7865779,6.442
9,30-07-2010,468675.19,0,79.83,2.64,214.9257105,6.442
9,06-08-2010,522815.45,0,87.09,2.627,215.064843,6.442
9,13-08-2010,481897.98,0,86.85,2.692,215.2039756,6.442
9,20-08-2010,499325.38,0,86.3,2.664,215.1619646,6.442
9,27-08-2010,506789.66,0,84.01,2.619,215.1199536,6.442
9,03-09-2010,511049.06,0,82.47,2.577,215.0779426,6.442
9,10-09-2010,484835.2,1,77.7,2.565,215.0359315,6.442
9,17-09-2010,463448.59,0,81.19,2.582,215.0615285,6.442
9,24-09-2010,452905.22,0,77.15,2.624,215.1378313,6.442
9,01-10-2010,495692.19,0,69.08,2.603,215.2141341,6.56
9,08-10-2010,505069.21,0,65.35,2.633,215.290437,6.56
9,15-10-2010,454769.68,0,67.36,2.72,215.3589917,6.56
9,22-10-2010,466322.76,0,69.99,2.725,215.4081762,6.56
9,29-10-2010,508801.61,0,64.43,2.716,215.4573607,6.56
9,05-11-2010,517869.97,0,58.69,2.689,215.5065452,6.56
9,12-11-2010,520846.68,0,61.59,2.728,215.5557297,6.56
9,19-11-2010,519823.3,0,49.96,2.771,215.4372854,6.56
9,26-11-2010,768070.53,1,60.18,2.735,215.2909028,6.56
9,03-12-2010,578164.82,0,49.89,2.708,215.1445203,6.56
9,10-12-2010,618121.82,0,46.1,2.843,214.9981378,6.56
9,17-12-2010,685243.2,0,49.7,2.869,214.9334937,6.56
9,24-12-2010,873347.55,0,50.93,2.886,214.9301534,6.56
9,31-12-2010,459770.85,1,45.92,2.943,214.9268131,6.56
9,07-01-2011,490981.78,0,41.82,2.976,214.9234729,6.416
9,14-01-2011,458086.69,0,36.43,2.983,214.9749587,6.416
9,21-01-2011,454021.69,0,44.72,3.016,215.3554013,6.416
9,28-01-2011,463561.48,0,43.9,3.01,215.7358438,6.416
9,04-02-2011,544612.28,0,31.82,2.989,216.1162864,6.416
9,11-02-2011,555279.02,1,34.13,3.022,216.496729,6.416
9,18-02-2011,610985.56,0,58.5,3.045,216.8154856,6.416
9,25-02-2011,513107.2,0,59.01,3.065,217.1095679,6.416
9,04-03-2011,542016.18,0,60.67,3.288,217.4036503,6.416
9,11-03-2011,517783.5,0,54.75,3.459,217.6977326,6.416
9,18-03-2011,515226.11,0,63.82,3.488,217.9563371,6.416
9,25-03-2011,497488.4,0,68.79,3.473,218.2007506,6.416
9,01-04-2011,520962.14,0,56.12,3.524,218.445164,6.38
9,08-04-2011,561625.92,0,71.4,3.622,218.6895775,6.38
9,15-04-2011,528420.28,0,71.9,3.743,218.9134935,6.38
9,22-04-2011,549502.11,0,72.35,3.807,219.0861659,6.38
9,29-04-2011,532226.2,0,70.85,3.81,219.2588382,6.38
9,06-05-2011,545251.1,0,62.2,3.906,219.4315106,6.38
9,13-05-2011,539126,0,77.66,3.899,219.6041829,6.38
9,20-05-2011,518266.9,0,70.49,3.907,219.3622809,6.38
9,27-05-2011,553834.04,0,80.42,3.786,219.1203788,6.38
9,03-06-2011,587004.29,0,85.8,3.699,218.8784768,6.38
9,10-06-2011,550076.32,0,85.81,3.648,218.6365747,6.38
9,17-06-2011,558671.14,0,89.15,3.637,218.5877333,6.38
9,24-06-2011,538745.93,0,86.74,3.594,218.6836874,6.38
9,01-07-2011,537064.03,0,89.14,3.524,218.7796415,6.404
9,08-07-2011,535983.13,0,89.04,3.48,218.8755955,6.404
9,15-07-2011,512834.04,0,90.45,3.575,218.9607242,6.404
9,22-07-2011,491449.94,0,89.08,3.651,219.0187895,6.404
9,29-07-2011,471449.98,0,91.1,3.682,219.0768548,6.404
9,05-08-2011,554879.67,0,91.52,3.684,219.1349201,6.404
9,12-08-2011,520284.79,0,91.63,3.638,219.1929854,6.404
9,19-08-2011,540819.44,0,85.8,3.554,219.2556109,6.404
9,26-08-2011,542663.53,0,88.95,3.523,219.3189965,6.404
9,02-09-2011,544643.33,0,89.33,3.533,219.382382,6.404
9,09-09-2011,528784.86,1,75.65,3.546,219.4457675,6.404
9,16-09-2011,500274.03,0,77.95,3.526,219.6297841,6.404
9,23-09-2011,506743.78,0,74.42,3.467,219.9746423,6.404
9,30-09-2011,508567.04,0,78.45,3.355,220.3195004,6.404
9,07-10-2011,553836.98,0,72.62,3.285,220.6643585,6.054
9,14-10-2011,529515.66,0,67.27,3.274,220.9836849,6.054
9,21-10-2011,557075.21,0,65.46,3.353,221.1498206,6.054
9,28-10-2011,548527.49,0,63.96,3.372,221.3159563,6.054
9,04-11-2011,597855.07,0,54.46,3.332,221.4820921,6.054
9,11-11-2011,594574.12,0,58.28,3.297,221.6482278,6.054
9,18-11-2011,542414.27,0,58.8,3.308,221.8803923,6.054
9,25-11-2011,814753.5,1,54.32,3.236,222.1389683,6.054
9,02-12-2011,613115.21,0,46.84,3.172,222.3975443,6.054
9,09-12-2011,630327.28,0,37.65,3.158,222.6561203,6.054
9,16-12-2011,705557.97,0,47.31,3.159,222.8825484,6.054
9,23-12-2011,905324.68,0,44.43,3.112,223.0661125,6.054
9,30-12-2011,549788.36,1,43.41,3.129,223.2496766,6.054
9,06-01-2012,519585.67,0,47.54,3.157,223.4332408,5.667
9,13-01-2012,474964.6,0,42.44,3.261,223.6168049,5.667
9,20-01-2012,480130.04,0,51.56,3.268,223.7114288,5.667
9,27-01-2012,482451.21,0,49.38,3.29,223.8060527,5.667
9,03-02-2012,549967.89,0,54.43,3.36,223.9006766,5.667
9,10-02-2012,609736.12,1,44.03,3.409,223.9953006,5.667
9,17-02-2012,658965.05,0,43.81,3.51,224.1588663,5.667
9,24-02-2012,563578.79,0,53.67,3.555,224.3741384,5.667
9,02-03-2012,619498.28,0,57.2,3.63,224.5894104,5.667
9,09-03-2012,574955.95,0,54.03,3.669,224.8046825,5.667
9,16-03-2012,550373.57,0,59.94,3.734,224.9594902,5.667
9,23-03-2012,550791.32,0,58.79,3.787,225.0336786,5.667
9,30-03-2012,574985.37,0,67.87,3.845,225.107867,5.667
9,06-04-2012,677885.99,0,68.83,3.891,225.1820555,5.539
9,13-04-2012,578539.86,0,69.19,3.891,225.2562439,5.539
9,20-04-2012,542819.03,0,68.04,3.877,225.3117488,5.539
9,27-04-2012,550414.99,0,73.07,3.814,225.3672537,5.539
9,04-05-2012,586289.08,0,78.98,3.749,225.4227585,5.539
9,11-05-2012,592572.3,0,70.94,3.688,225.4782634,5.539
9,18-05-2012,571463.93,0,69.52,3.63,225.4942498,5.539
9,25-05-2012,547226,0,79.69,3.561,225.4944288,5.539
9,01-06-2012,583648.59,0,80.26,3.501,225.4946078,5.539
9,08-06-2012,582525.42,0,78.91,3.452,225.4947868,5.539
9,15-06-2012,564606.1,0,82.21,3.393,225.5070634,5.539
9,22-06-2012,562173.12,0,81.05,3.346,225.5495841,5.539
9,29-06-2012,544770.7,0,87.18,3.286,225.5921049,5.539
9,06-07-2012,578790.36,0,84.15,3.227,225.6346256,5.277
9,13-07-2012,536537.64,0,82.39,3.256,225.6771463,5.277
9,20-07-2012,513991.57,0,83.39,3.311,225.6871121,5.277
9,27-07-2012,495951,0,86.41,3.407,225.6970779,5.277
9,03-08-2012,533887.54,0,90.23,3.417,225.7070437,5.277
9,10-08-2012,538713.47,0,88.66,3.494,225.7170094,5.277
9,17-08-2012,535153.47,0,86.37,3.571,225.7995323,5.277
9,24-08-2012,572887.78,0,77.9,3.62,225.9364729,5.277
9,31-08-2012,576879.15,0,80.71,3.638,226.0734135,5.277
9,07-09-2012,565812.29,1,87.93,3.73,226.2103541,5.277
9,14-09-2012,523427.35,0,73.55,3.717,226.3567545,5.277
9,21-09-2012,533756.88,0,69.92,3.721,226.5599138,5.277
9,28-09-2012,516361.06,0,76.8,3.666,226.7630732,5.277
9,05-10-2012,606755.3,0,66.61,3.617,226.9662325,4.954
9,12-10-2012,558464.8,0,60.09,3.601,227.1693919,4.954
9,19-10-2012,542009.46,0,68.01,3.594,227.214288,4.954
9,26-10-2012,549731.49,0,69.52,3.506,227.2328068,4.954
10,05-02-2010,2193048.75,0,54.34,2.962,126.4420645,9.765
10,12-02-2010,2176028.52,1,49.96,2.828,126.4962581,9.765
10,19-02-2010,2113432.58,0,58.22,2.915,126.5262857,9.765
10,26-02-2010,2006774.96,0,52.77,2.825,126.5522857,9.765
10,05-03-2010,1987090.09,0,55.92,2.877,126.5782857,9.765
10,12-03-2010,1941346.13,0,52.33,3.034,126.6042857,9.765
10,19-03-2010,1946875.06,0,61.46,3.054,126.6066452,9.765
10,26-03-2010,1893532.46,0,60.05,2.98,126.6050645,9.765
10,02-04-2010,2138651.97,0,63.66,3.086,126.6034839,9.524
10,09-04-2010,2041069.37,0,65.29,3.004,126.6019032,9.524
10,16-04-2010,1826241.44,0,69.74,3.109,126.5621,9.524
10,23-04-2010,1829521.83,0,66.42,3.05,126.4713333,9.524
10,30-04-2010,1790694.59,0,69.76,3.105,126.3805667,9.524
10,07-05-2010,1921432.16,0,71.06,3.127,126.2898,9.524
10,14-05-2010,1808056.41,0,73.88,3.145,126.2085484,9.524
10,21-05-2010,1847613.58,0,78.32,3.12,126.1843871,9.524
10,28-05-2010,1904618.17,0,76.67,3.058,126.1602258,9.524
10,04-06-2010,1931406.28,0,82.82,2.941,126.1360645,9.524
10,11-06-2010,1827521.71,0,89.67,3.057,126.1119032,9.524
10,18-06-2010,1837636.24,0,83.49,2.935,126.114,9.524
10,25-06-2010,1768172.31,0,90.32,3.084,126.1266,9.524
10,02-07-2010,1845893.87,0,92.89,2.978,126.1392,9.199
10,09-07-2010,1769793.37,0,91.03,3.1,126.1518,9.199
10,16-07-2010,1828052.47,0,91.8,2.971,126.1498065,9.199
10,23-07-2010,1831676.03,0,88.44,3.112,126.1283548,9.199
10,30-07-2010,1832664.03,0,85.03,3.017,126.1069032,9.199
10,06-08-2010,1949236.09,0,86.13,3.123,126.0854516,9.199
10,13-08-2010,1962996.7,0,88.37,3.049,126.064,9.199
10,20-08-2010,1983190.56,0,89.88,3.041,126.0766452,9.199
10,27-08-2010,1727565.42,0,84.99,3.022,126.0892903,9.199
10,03-09-2010,1766331.45,0,83.8,3.087,126.1019355,9.199
10,10-09-2010,1720530.23,1,84.04,2.961,126.1145806,9.199
10,17-09-2010,1716755.78,0,85.52,3.028,126.1454667,9.199
10,24-09-2010,1655036.75,0,85.75,2.939,126.1900333,9.199
10,01-10-2010,1645892.97,0,86.01,3.001,126.2346,9.003
10,08-10-2010,1772192.42,0,77.04,2.924,126.2791667,9.003
10,15-10-2010,1703850.25,0,75.48,3.08,126.3266774,9.003
10,22-10-2010,1740234.06,0,68.12,3.014,126.3815484,9.003
10,29-10-2010,1741308.56,0,68.76,3.13,126.4364194,9.003
10,05-11-2010,1832211.96,0,71.04,3.009,126.4912903,9.003
10,12-11-2010,1895901.59,0,61.24,3.13,126.5461613,9.003
10,19-11-2010,1949177.13,0,58.83,3.047,126.6072,9.003
10,26-11-2010,2939946.38,1,55.33,3.162,126.6692667,9.003
10,03-12-2010,2251206.64,0,51.17,3.041,126.7313333,9.003
10,10-12-2010,2411790.21,0,60.51,3.091,126.7934,9.003
10,17-12-2010,2811646.85,0,59.15,3.125,126.8794839,9.003
10,24-12-2010,3749057.69,0,57.06,3.236,126.9835806,9.003
10,31-12-2010,1707298.14,1,49.67,3.148,127.0876774,9.003
10,07-01-2011,1714309.9,0,43.43,3.287,127.1917742,8.744
10,14-01-2011,1710803.59,0,49.98,3.312,127.3009355,8.744
10,21-01-2011,1677556.18,0,56.75,3.336,127.4404839,8.744
10,28-01-2011,1715769.05,0,53.03,3.231,127.5800323,8.744
10,04-02-2011,1968045.91,0,44.88,3.348,127.7195806,8.744
10,11-02-2011,2115408.31,1,51.51,3.381,127.859129,8.744
10,18-02-2011,2106934.55,0,61.77,3.43,127.99525,8.744
10,25-02-2011,1967996.71,0,53.59,3.398,128.13,8.744
10,04-03-2011,1958003.19,0,56.96,3.674,128.26475,8.744
10,11-03-2011,1933469.15,0,64.22,3.63,128.3995,8.744
10,18-03-2011,1884734.31,0,70.12,3.892,128.5121935,8.744
10,25-03-2011,1815798.85,0,62.53,3.716,128.6160645,8.744
10,01-04-2011,1827733.18,0,67.64,3.772,128.7199355,8.494
10,08-04-2011,1870720.73,0,73.03,3.818,128.8238065,8.494
10,15-04-2011,1781767.22,0,61.05,4.089,128.9107333,8.494
10,22-04-2011,2004831.14,0,75.93,3.917,128.9553,8.494
10,29-04-2011,1873646.34,0,73.38,4.151,128.9998667,8.494
10,06-05-2011,1841369.99,0,73.56,4.193,129.0444333,8.494
10,13-05-2011,1712995.44,0,74.04,4.202,129.089,8.494
10,20-05-2011,1720908.01,0,72.62,3.99,129.0756774,8.494
10,27-05-2011,1743000.38,0,78.62,3.933,129.0623548,8.494
10,03-06-2011,1792210.89,0,81.87,3.893,129.0490323,8.494
10,10-06-2011,1740063.1,0,84.57,3.981,129.0357097,8.494
10,17-06-2011,1817934.76,0,87.96,3.935,129.0432,8.494
10,24-06-2011,1711813.13,0,90.69,3.807,129.0663,8.494
10,01-07-2011,1751369.75,0,95.36,3.842,129.0894,8.257
10,08-07-2011,1699708.38,0,88.57,3.793,129.1125,8.257
10,15-07-2011,1775068.4,0,86.01,3.779,129.1338387,8.257
10,22-07-2011,1774342.61,0,88.59,3.697,129.1507742,8.257
10,29-07-2011,1745841.33,0,86.75,3.694,129.1677097,8.257
10,05-08-2011,1886299.98,0,89.8,3.803,129.1846452,8.257
10,12-08-2011,1917397.63,0,85.61,3.794,129.2015806,8.257
10,19-08-2011,1954849.68,0,87.4,3.743,129.2405806,8.257
10,26-08-2011,1728399.07,0,91.59,3.663,129.2832581,8.257
10,02-09-2011,1758587.35,0,91.61,3.798,129.3259355,8.257
10,09-09-2011,1670579.82,1,89.06,3.771,129.3686129,8.257
10,16-09-2011,1650894.3,0,77.49,3.784,129.4306,8.257
10,23-09-2011,1685910.53,0,82.51,3.789,129.5183333,8.257
10,30-09-2011,1627707.31,0,82.27,3.877,129.6060667,8.257
10,07-10-2011,1788227.6,0,75.01,3.827,129.6938,7.874
10,14-10-2011,1704753.02,0,70.27,3.698,129.7706452,7.874
10,21-10-2011,1745928.56,0,77.91,3.842,129.7821613,7.874
10,28-10-2011,1771792.97,0,72.79,3.843,129.7936774,7.874
10,04-11-2011,1904438.59,0,68.57,3.828,129.8051935,7.874
10,11-11-2011,2076570.84,0,55.28,3.677,129.8167097,7.874
10,18-11-2011,1869087.85,0,58.97,3.669,129.8268333,7.874
10,25-11-2011,2950198.64,1,60.68,3.76,129.8364,7.874
10,02-12-2011,2068097.18,0,57.29,3.701,129.8459667,7.874
10,09-12-2011,2429310.9,0,42.58,3.644,129.8555333,7.874
10,16-12-2011,2555031.18,0,50.53,3.489,129.8980645,7.874
10,23-12-2011,3487986.89,0,48.36,3.541,129.9845484,7.874
10,30-12-2011,1930690.37,1,48.92,3.428,130.0710323,7.874
10,06-01-2012,1683401.78,0,59.85,3.443,130.1575161,7.545
10,13-01-2012,1711562.73,0,51,3.477,130.244,7.545
10,20-01-2012,1675562.94,0,54.51,3.66,130.2792258,7.545
10,27-01-2012,1632406,0,53.59,3.675,130.3144516,7.545
10,03-02-2012,1867403.01,0,56.85,3.543,130.3496774,7.545
10,10-02-2012,2218595.8,1,55.73,3.722,130.3849032,7.545
10,17-02-2012,2168709.76,0,54.12,3.781,130.4546207,7.545
10,24-02-2012,2039415.74,0,56.02,3.95,130.5502069,7.545
10,02-03-2012,1990371.02,0,57.62,3.882,130.6457931,7.545
10,09-03-2012,1917483.1,0,57.65,3.963,130.7413793,7.545
10,16-03-2012,1930814.66,0,62.11,4.273,130.8261935,7.545
10,23-03-2012,1837457.69,0,56.54,4.288,130.8966452,7.545
10,30-03-2012,1815760.42,0,67.92,4.294,130.9670968,7.545
10,06-04-2012,2163384.17,0,65.99,4.282,131.0375484,7.382
10,13-04-2012,1974687.51,0,70.28,4.254,131.108,7.382
10,20-04-2012,1777166.53,0,67.75,4.111,131.1173333,7.382
10,27-04-2012,1712987.56,0,80.11,4.088,131.1266667,7.382
10,04-05-2012,1821364.42,0,77.02,4.058,131.136,7.382
10,11-05-2012,1792345.3,0,76.03,4.186,131.1453333,7.382
10,18-05-2012,1795152.73,0,85.19,4.308,131.0983226,7.382
10,25-05-2012,1830939.1,0,86.03,4.127,131.0287742,7.382
10,01-06-2012,1767471.48,0,80.06,4.277,130.9592258,7.382
10,08-06-2012,1840491.41,0,86.87,4.103,130.8896774,7.382
10,15-06-2012,1811562.88,0,88.58,4.144,130.8295333,7.382
10,22-06-2012,1755334.18,0,89.92,4.014,130.7929,7.382
10,29-06-2012,1707481.9,0,91.36,3.875,130.7562667,7.382
10,06-07-2012,1805999.79,0,86.87,3.666,130.7196333,7.17
10,13-07-2012,1765571.91,0,89.8,3.723,130.683,7.17
10,20-07-2012,1869967.03,0,84.45,3.589,130.7012903,7.17
10,27-07-2012,1817603.66,0,83.98,3.769,130.7195806,7.17
10,03-08-2012,1939440.09,0,84.76,3.595,130.737871,7.17
10,10-08-2012,1880436.94,0,90.78,3.811,130.7561613,7.17
10,17-08-2012,1827797.4,0,88.83,4.002,130.7909677,7.17
10,24-08-2012,1764984.15,0,82.5,4.055,130.8381613,7.17
10,31-08-2012,1650285.54,0,86.97,3.886,130.8853548,7.17
10,07-09-2012,1708283.28,1,83.07,4.124,130.9325484,7.17
10,14-09-2012,1640168.99,0,78.47,3.966,130.9776667,7.17
10,21-09-2012,1671857.57,0,81.93,4.125,131.0103333,7.17
10,28-09-2012,1694862.41,0,82.52,3.966,131.043,7.17
10,05-10-2012,1758971.38,0,80.88,4.132,131.0756667,6.943
10,12-10-2012,1713889.11,0,76.03,4.468,131.1083333,6.943
10,19-10-2012,1734834.82,0,72.71,4.449,131.1499677,6.943
10,26-10-2012,1744349.05,0,70.5,4.301,131.1930968,6.943
11,05-02-2010,1528008.64,0,46.04,2.572,214.4248812,7.368
11,12-02-2010,1574684.08,1,48.01,2.548,214.5747916,7.368
11,19-02-2010,1503298.7,0,48.3,2.514,214.6198868,7.368
11,26-02-2010,1336404.65,0,52.79,2.561,214.6475127,7.368
11,05-03-2010,1426622.65,0,53.96,2.625,214.6751386,7.368
11,12-03-2010,1331883.16,0,64.1,2.667,214.7027646,7.368
11,19-03-2010,1364207,0,61.51,2.72,214.5301219,7.368
11,26-03-2010,1245624.27,0,58.09,2.732,214.3241011,7.368
11,02-04-2010,1446210.26,0,66.16,2.719,214.1180803,7.343
11,09-04-2010,1470308.32,0,69.57,2.77,213.9120595,7.343
11,16-04-2010,1323243.35,0,67.81,2.808,213.7726889,7.343
11,23-04-2010,1283766.55,0,68.37,2.795,213.7221852,7.343
11,30-04-2010,1239766.89,0,71.13,2.78,213.6716815,7.343
11,07-05-2010,1312329.78,0,75.57,2.835,213.6211778,7.343
11,14-05-2010,1266796.13,0,77.64,2.854,213.6196139,7.343
11,21-05-2010,1271646.62,0,76.97,2.826,213.9116886,7.343
11,28-05-2010,1264272.52,0,79.69,2.759,214.2037634,7.343
11,04-06-2010,1396322.19,0,79.66,2.705,214.4958382,7.343
11,11-06-2010,1339570.85,0,82.81,2.668,214.787913,7.343
11,18-06-2010,1336522.92,0,84.13,2.637,214.7858259,7.343
11,25-06-2010,1262025.08,0,84.5,2.653,214.6660741,7.343
11,02-07-2010,1302600.14,0,83.09,2.669,214.5463222,7.346
11,09-07-2010,1280156.47,0,83.01,2.642,214.4265704,7.346
11,16-07-2010,1290609.54,0,84.9,2.623,214.4176476,7.346
11,23-07-2010,1244390.03,0,84.57,2.608,214.5564968,7.346
11,30-07-2010,1250178.89,0,83.26,2.64,214.695346,7.346
11,06-08-2010,1369634.92,0,86.54,2.627,214.8341952,7.346
11,13-08-2010,1384339.1,0,87.73,2.692,214.9730444,7.346
11,20-08-2010,1430192.37,0,88.93,2.664,214.9314191,7.346
11,27-08-2010,1311263.07,0,87.7,2.619,214.8897938,7.346
11,03-09-2010,1303914.27,0,84.94,2.577,214.8481685,7.346
11,10-09-2010,1231428.46,1,81.93,2.565,214.8065431,7.346
11,17-09-2010,1215676.31,0,83.04,2.582,214.8322484,7.346
11,24-09-2010,1170103.25,0,77.36,2.624,214.9084516,7.346
11,01-10-2010,1182490.46,0,75.11,2.603,214.9846548,7.564
11,08-10-2010,1293472.8,0,68.71,2.633,215.060858,7.564
11,15-10-2010,1175003.67,0,71.46,2.72,215.1293114,7.564
11,22-10-2010,1169831.38,0,72.6,2.725,215.17839,7.564
11,29-10-2010,1195036,0,74.21,2.716,215.2274686,7.564
11,05-11-2010,1332759.13,0,64.41,2.689,215.2765472,7.564
11,12-11-2010,1281675.6,0,63.74,2.728,215.3256258,7.564
11,19-11-2010,1292346.57,0,58.63,2.771,215.2074519,7.564
11,26-11-2010,1757242.51,1,69.9,2.735,215.0614025,7.564
11,03-12-2010,1380522.64,0,55.9,2.708,214.9153531,7.564
11,10-12-2010,1564516.43,0,53.33,2.843,214.7693037,7.564
11,17-12-2010,1843971.15,0,54.63,2.869,214.704919,7.564
11,24-12-2010,2306265.36,0,59.33,2.886,214.7017828,7.564
11,31-12-2010,1172003.1,1,55.03,2.943,214.6986466,7.564
11,07-01-2011,1178905.44,0,54.43,2.976,214.6955104,7.551
11,14-01-2011,1194449.78,0,45.34,2.983,214.7470729,7.551
11,21-01-2011,1187776.19,0,51.51,3.016,215.1268275,7.551
11,28-01-2011,1100418.69,0,51.04,3.01,215.5065821,7.551
11,04-02-2011,1422546.05,0,47.17,2.989,215.8863367,7.551
11,11-02-2011,1419236.9,1,44.61,3.022,216.2660913,7.551
11,18-02-2011,1554747.15,0,61.5,3.045,216.5843571,7.551
11,25-02-2011,1323999.36,0,68.74,3.065,216.8780275,7.551
11,04-03-2011,1399456.99,0,66.5,3.288,217.1716979,7.551
11,11-03-2011,1314557.31,0,63.29,3.459,217.4653683,7.551
11,18-03-2011,1391813.69,0,70.17,3.488,217.7235226,7.551
11,25-03-2011,1229777.24,0,73.74,3.473,217.9674705,7.551
11,01-04-2011,1258674.12,0,69.1,3.524,218.2114184,7.574
11,08-04-2011,1327401.06,0,73.57,3.622,218.4553663,7.574
11,15-04-2011,1312905.8,0,76.64,3.743,218.6788642,7.574
11,22-04-2011,1388118.53,0,78.31,3.807,218.851237,7.574
11,29-04-2011,1357589.89,0,79.97,3.81,219.0236099,7.574
11,06-05-2011,1331453.41,0,71.39,3.906,219.1959827,7.574
11,13-05-2011,1277959.42,0,80.93,3.899,219.3683556,7.574
11,20-05-2011,1239466.97,0,76.97,3.907,219.127216,7.574
11,27-05-2011,1216876.52,0,85.61,3.786,218.8860765,7.574