Store,Date,Weekly_Sales,Holiday_Flag,Temperature,Fuel_Price,CPI,Unemployment
40,26-08-2011,969611.3,0,65.01,3.796,136.2136129,4.584
3,10-06-2011,391638.75,0,84.84,3.648,218.4037974,7.574
9,11-06-2010,522715.68,0,83.75,2.668,215.0187191,6.384
35,30-04-2010,1096930.65,0,53.55,2.921,135.9170833,9.051
26,14-01-2011,812323.29,0,16.7,3.215,132.9510645,7.907
20,28-10-2011,2065421.52,0,49.36,3.569,210.6918901,7.082
45,28-01-2011,617207.58,0,24.05,3.237,183.1800955,8.549
14,10-09-2010,2191767.76,1,70.87,2.699,182.598178,8.743
5,26-03-2010,273282.97,0,52.47,2.732,211.5718925,6.566
32,06-04-2012,1270577.01,0,51.49,3.854,197.5971285,8.09
28,30-12-2011,1270036.53,1,44.64,3.428,130.0710323,12.89
12,11-05-2012,1041995.22,0,77.27,4.186,131.1453333,11.627
7,05-03-2010,491419.55,0,35.86,2.62,189.6695049,9.014
31,21-01-2011,1344167.13,0,42.72,3.016,211.4864691,8.028
27,23-12-2011,2739019.75,0,41.59,3.587,140.528765,7.906
17,11-11-2011,914759.2,0,27.61,3.513,129.8167097,6.617
17,28-10-2011,936508.43,0,41.89,3.567,129.7936774,6.617
36,30-09-2011,314910.37,0,81.52,3.328,215.4532259,8.177
40,23-09-2011,876583.98,0,54.09,3.758,136.367,4.584
25,31-12-2010,623092.54,1,25.89,3.179,204.6432267,7.484
8,20-04-2012,872288.46,0,63.59,3.877,225.1179914,5.679
11,23-03-2012,1300593.61,0,67.16,3.787,224.7909104,6.833
23,31-12-2010,1169773.85,1,19.05,3.177,132.8150323,5.287
35,29-07-2011,770820.27,0,79.41,3.829,139.8933099,8.684
42,14-01-2011,613899.15,0,49.98,3.312,127.3009355,8.744
34,23-07-2010,902050.95,0,79.58,2.612,126.1283548,9.816
28,02-12-2011,1368130.35,0,52.5,3.701,129.8459667,12.89
45,24-02-2012,753060.78,0,42.86,3.739,190.0069881,8.424
30,21-09-2012,443891.64,0,71.54,3.721,222.4169362,6.565
18,03-06-2011,1178039.0,0,70.9,3.973,134.8551613,8.975
40,02-12-2011,1059676.62,0,38.51,3.501,136.4909333,4.42
30,21-10-2011,428958.53,0,65.16,3.353,217.1650042,7.441
40,30-03-2012,871945.64,0,36.25,3.921,137.7261935,4.261
45,03-12-2010,879244.9,0,40.93,3.046,182.6676154,8.724
30,10-02-2012,451365.99,1,46.52,3.409,219.9049073,7.057
39,30-03-2012,1499727.02,0,69.11,3.845,220.0454862,7.244
43,20-07-2012,596554.05,0,83.83,3.311,213.3219124,9.285
20,06-07-2012,2358055.3,0,79.2,3.475,214.6873514,7.28
33,29-04-2011,248561.86,0,77.44,4.151,128.9998667,8.687
35,25-03-2011,762184.1,0,40.11,3.625,137.8478929,8.549
30,23-03-2012,430222.97,0,62.96,3.787,220.9244858,7.057
44,18-06-2010,293481.36,0,58.41,2.819,126.114,7.972
15,21-01-2011,487311.03,0,21.84,3.391,133.0285161,7.771
13,01-04-2011,1864238.64,0,42.49,3.487,128.7199355,7.193
27,04-03-2011,1656130.67,0,36.99,3.605,137.5017028,7.827
18,10-02-2012,1161615.51,1,32.83,3.655,137.1666774,8.075
33,27-08-2010,224031.19,0,94.0,3.022,126.0892903,9.495
22,20-01-2012,897027.44,0,29.16,3.542,140.8086118,7.503
12,18-06-2010,956211.2,0,81.06,3.043,126.114,14.099
13,26-03-2010,1882095.98,0,41.48,2.819,126.6050645,8.316
36,11-06-2010,467711.18,0,82.3,2.615,210.2135668,8.464
19,22-10-2010,1357154.71,0,48.45,3.049,132.8170968,8.067
31,03-06-2011,1430348.1,0,83.82,3.699,214.9254865,7.931
4,08-04-2011,2074953.46,0,62.61,3.605,128.8238065,5.946
38,24-02-2012,409411.61,0,53.13,3.95,130.5502069,12.187
8,12-03-2010,860336.16,0,49.76,2.667,214.7492449,6.299
26,25-03-2011,866566.54,0,22.99,3.624,133.9587419,7.907
18,24-06-2011,1056478.65,0,67.41,3.851,135.2652667,8.975
39,26-08-2011,1573898.63,0,86.49,3.523,214.4878416,8.177
17,06-08-2010,795301.17,0,70.53,2.802,126.0854516,6.697
18,15-06-2012,1057425.83,0,66.58,3.683,138.1295333,8.304
10,03-08-2012,1939440.09,0,84.76,3.595,130.737871,7.17
1,30-07-2010,1371986.6,0,81.84,2.64,211.3699032,7.787
17,01-06-2012,938914.28,0,54.13,3.788,130.9592258,6.235
8,30-03-2012,905935.29,0,66.69,3.845,224.9141521,5.825
25,02-12-2011,878314.57,0,42.85,3.452,211.6394306,7.082
11,08-06-2012,1414343.53,0,82.1,3.452,225.2521458,6.664
39,07-01-2011,1224475.12,0,52.74,2.976,210.1842358,8.395
34,08-07-2011,926934.57,0,80.84,3.469,129.1125,10.641
34,14-01-2011,898610.33,0,30.75,2.992,127.3009355,10.398
4,05-03-2010,1971057.44,0,43.49,2.654,126.5782857,8.623
38,21-10-2011,402709.17,0,73.05,3.842,129.7821613,12.89
37,07-09-2012,526838.14,1,84.19,3.73,221.1181142,6.623
40,10-02-2012,999785.48,1,23.92,3.655,137.1666774,4.261
32,10-02-2012,1129422.86,1,23.34,3.103,196.9195056,8.256
26,12-03-2010,963382.09,0,31.1,2.805,131.784,8.488
33,13-07-2012,287033.64,0,97.6,3.723,130.683,7.147
34,17-12-2010,1227148.13,0,42.64,2.884,126.8794839,10.21
25,01-04-2011,618377.79,0,28.5,3.638,207.8823043,7.287
18,07-10-2011,1019741.1,0,54.65,3.633,136.472,8.471
44,01-10-2010,300152.45,0,68.74,2.853,126.2346,7.61
8,13-01-2012,817661.76,0,36.46,3.261,223.4242571,5.825
27,15-04-2011,1727175.61,0,52.24,3.981,138.1646952,7.725
25,03-06-2011,737551.74,0,70.69,3.922,208.3551116,7.287
26,18-11-2011,946091.79,0,37.78,3.571,136.4666667,7.598
38,03-09-2010,377096.55,0,83.12,3.087,126.1019355,14.18
34,21-10-2011,953693.23,0,58.93,3.361,129.7821613,10.148
2,28-01-2011,1695371.68,0,42.83,3.01,211.8552668,8.028
5,03-12-2010,344490.88,0,51.31,2.708,212.1613951,6.768
5,17-06-2011,304811.82,0,86.84,3.637,215.560463,6.489
40,29-04-2011,847246.5,0,52.68,3.988,134.4357333,4.781
32,05-08-2011,1201694.14,0,74.83,3.554,193.9110133,8.622
38,14-09-2012,430944.39,0,83.64,4.133,130.9776667,10.926
3,10-12-2010,467642.03,0,51.13,2.843,214.7693037,7.564
29,01-07-2011,567114.6,0,70.8,3.815,135.4468,9.863
30,18-02-2011,417070.51,0,59.87,3.045,212.9033115,8.028
41,28-10-2011,1274463.02,0,37.02,3.55,195.3318977,6.759
19,09-12-2011,1713769.06,0,40.18,3.627,136.5030667,7.866
32,06-07-2012,1214183.97,0,78.68,3.646,197.8322195,7.872
4,18-02-2011,2316495.56,0,48.17,3.058,127.99525,6.51
17,17-08-2012,844928.17,0,70.98,3.545,130.7909677,5.936
19,20-08-2010,1419383.19,0,72.22,2.913,132.6616129,8.099
6,05-03-2010,1601348.82,0,49.63,2.625,212.8745193,7.259
21,18-06-2010,785104.29,0,86.18,2.637,211.1096543,8.2
15,11-03-2011,537035.28,0,34.27,3.752,133.7361429,7.771
18,07-09-2012,1083521.24,1,71.85,3.921,138.4729355,8.535
44,24-09-2010,281313.78,0,68.22,2.872,126.1900333,7.804
1,17-09-2010,1430378.67,0,82.11,2.582,211.5224596,7.787
5,11-11-2011,311906.7,0,60.71,3.297,218.5699621,6.3
36,17-12-2010,410214.7,0,56.73,2.852,210.1787224,8.476
29,11-06-2010,540716.58,0,65.01,2.83,132.4357419,10.16
11,14-05-2010,1266796.13,0,77.64,2.854,213.6196139,7.343
20,02-09-2011,2141765.98,0,70.82,3.703,208.9625161,7.274
33,23-07-2010,252734.31,0,97.04,3.112,126.1283548,9.495
44,08-06-2012,340238.38,0,68.4,3.776,130.8896774,5.621
12,17-08-2012,1005003.12,0,94.87,4.002,130.7909677,10.926
20,24-06-2011,1950826.32,0,72.4,3.804,208.2306018,7.287
22,05-03-2010,1009201.24,0,36.82,2.766,135.5732602,8.283
24,09-09-2011,1527455.19,1,68.32,3.93,136.2745806,8.358
29,07-10-2011,514993.0,0,56.44,3.633,136.472,9.357
16,17-08-2012,521896.6,0,62.07,3.545,198.1001057,6.061
10,13-04-2012,1974687.51,0,70.28,4.254,131.108,7.382
27,28-09-2012,1540687.63,0,64.92,4.158,142.76575,8.239
18,30-07-2010,1078557.62,0,75.79,2.792,132.5983871,9.342
2,13-08-2010,1895601.05,0,89.05,2.692,211.2951413,8.099
4,23-03-2012,2091592.54,0,59.07,3.759,130.8966452,4.607
29,25-11-2011,913165.19,1,46.28,3.536,136.4788,9.357
40,04-03-2011,977070.62,0,18.49,3.437,133.6141429,5.114
43,16-12-2011,665007.08,0,43.78,3.159,210.7365392,10.148
43,24-02-2012,613042.97,0,53.53,3.555,212.1174212,9.653
23,07-05-2010,1365552.28,0,61.04,2.981,132.1062,5.435
5,20-01-2012,287523.98,0,54.65,3.268,220.5694104,5.943
24,28-10-2011,1307142.75,0,48.0,3.757,136.4884516,8.454
39,29-10-2010,1294769.08,0,75.14,2.716,210.6736944,8.476
13,30-12-2011,1969056.91,1,31.53,3.119,130.0710323,6.392
27,29-04-2011,1642074.64,0,61.71,4.117,138.3303119,7.725
15,23-12-2011,1182691.87,0,34.93,3.587,136.5883871,7.866
34,15-06-2012,982345.51,0,76.48,3.372,130.8295333,9.575
45,02-09-2011,726482.39,0,70.63,3.703,186.6189274,8.625
38,11-05-2012,429914.6,0,77.27,4.186,131.1453333,11.627
15,30-12-2011,603460.79,1,31.44,3.566,136.6432581,7.866
39,26-02-2010,1168582.02,0,49.79,2.561,210.0771885,8.554
23,02-03-2012,1322852.2,0,25.91,3.827,137.4238966,4.261
11,11-05-2012,1300147.07,0,75.13,3.688,225.2351496,6.664
25,26-03-2010,696687.6,0,45.84,2.854,204.201755,8.187
44,11-02-2011,307486.73,1,30.83,3.034,127.859129,7.224
3,03-06-2011,394507.84,0,84.29,3.699,218.6449369,7.574
43,27-08-2010,655284.69,0,80.32,2.619,203.4799839,9.816
26,16-09-2011,951569.84,0,55.19,3.809,136.3145,7.767
28,07-01-2011,1402902.47,0,37.64,3.287,127.1917742,14.021
18,03-02-2012,1049772.04,0,37.62,3.633,137.0632581,8.075
40,24-02-2012,919301.81,0,29.88,3.751,137.3411034,4.261
32,19-10-2012,1199292.06,0,53.57,3.75,199.1481963,7.557
17,23-09-2011,895535.31,0,56.96,3.648,129.5183333,6.745
8,21-01-2011,822668.23,0,42.06,3.016,215.1729926,6.262
17,24-09-2010,852876.29,0,58.39,2.872,126.1900333,6.697
31,09-12-2011,1556798.94,0,41.44,3.158,218.605037,7.441
38,31-08-2012,424904.95,0,89.78,4.093,130.8853548,10.926
13,08-10-2010,1871924.07,0,63.03,2.841,126.2791667,7.795
36,13-07-2012,298337.41,0,78.15,3.245,220.6063444,6.623
13,04-03-2011,1894960.68,0,34.23,3.23,128.26475,7.47
9,04-02-2011,544612.28,0,31.82,2.989,216.1162864,6.416
14,18-06-2010,2248645.59,0,72.62,2.78,182.4424199,8.899
19,25-11-2011,1974646.78,1,42.75,3.689,136.4788,7.866
15,14-05-2010,594385.2,0,47.13,3.112,132.152129,8.185
15,26-02-2010,564883.2,0,29.87,2.91,131.686,8.35
37,01-04-2011,534578.78,0,67.31,3.524,213.5776701,8.3
11,04-02-2011,1422546.05,0,47.17,2.989,215.8863367,7.551
3,26-11-2010,565567.84,1,68.71,2.735,215.0614025,7.564
5,22-07-2011,292539.73,0,86.97,3.651,215.985753,6.529
29,07-09-2012,540811.85,1,73.3,3.921,138.4729355,9.419
8,08-06-2012,928820.0,0,74.28,3.452,225.3011521,5.679
33,05-10-2012,265444.9,0,85.18,4.132,131.0756667,6.895
24,05-10-2012,1416720.54,0,60.35,4.151,138.8256,8.693
40,07-10-2011,1070389.98,0,50.21,3.633,136.472,4.42
24,26-03-2010,1258311.56,0,48.87,2.963,131.863129,8.326
25,17-12-2010,1047707.59,0,21.6,3.14,204.6321194,7.484
39,21-10-2011,1465283.29,0,67.65,3.353,216.2468287,7.716
9,20-04-2012,542819.03,0,68.04,3.877,225.3117488,5.539
25,16-09-2011,628720.46,0,62.05,3.742,209.1893892,7.274
28,29-07-2011,1114530.29,0,93.29,3.805,129.1677097,13.503
22,17-08-2012,981273.26,0,74.92,3.84,142.2157385,7.753
11,21-10-2011,1325107.53,0,70.91,3.353,220.9144005,7.197
10,04-11-2011,1904438.59,0,68.57,3.828,129.8051935,7.874
33,09-03-2012,287346.29,0,62.2,3.963,130.7413793,7.603
8,09-07-2010,845289.77,0,72.49,2.642,214.4729952,6.315
35,10-08-2012,888368.8,0,78.44,3.722,142.1705634,8.839
24,03-12-2010,1413302.7,0,37.08,3.2,132.7566667,8.275
36,07-09-2012,293728.57,1,84.19,3.697,221.1181142,6.623
20,25-03-2011,1824711.21,0,44.83,3.625,207.6553444,7.343
7,18-02-2011,572387.47,0,17.3,3.051,191.9178331,8.818
31,20-05-2011,1387365.19,0,68.36,3.907,215.3834778,7.931
12,20-01-2012,855922.64,0,46.2,3.66,130.2792258,12.187
13,03-09-2010,1911852.58,0,65.71,2.868,126.1019355,7.951
41,06-01-2012,1208191.61,0,37.21,3.095,196.5458309,6.589
13,25-06-2010,1970340.25,0,71.83,2.82,126.1266,8.107
12,04-03-2011,1085248.21,0,51.72,3.674,128.26475,14.021
30,09-09-2011,370897.82,1,78.87,3.546,215.5148295,7.852
4,12-02-2010,2188307.39,1,28.84,2.573,126.4962581,8.623
13,11-11-2011,2111592.09,0,33.8,3.513,129.8167097,6.392
42,05-08-2011,572603.33,0,89.8,3.803,129.1846452,8.257
40,25-05-2012,991054.49,0,65.25,3.85,138.1101935,4.125
36,09-12-2011,312298.37,0,50.64,3.147,217.6645878,7.716
29,07-05-2010,568497.35,0,63.81,2.981,132.1062,10.16
43,09-12-2011,617898.07,0,34.23,3.158,210.5363571,10.148
16,29-07-2011,582381.95,0,66.84,3.547,193.711525,6.338
27,17-09-2010,1629978.46,0,64.5,2.846,136.6338071,7.982
40,06-04-2012,1132064.23,0,36.54,3.957,137.7970968,4.125
42,26-11-2010,522296.71,1,55.33,3.162,126.6692667,9.003
41,09-04-2010,1082158.21,0,37.3,2.75,189.6901012,7.363
14,21-10-2011,2009004.59,0,59.6,3.57,187.7846197,8.523
35,24-12-2010,1779236.54,0,31.34,3.141,136.597273,8.763
40,15-06-2012,977950.28,0,63.39,3.683,138.1295333,4.125
27,18-05-2012,1707158.82,0,65.15,4.029,142.0970115,8.253
44,05-03-2010,284617.27,0,40.65,2.681,126.5782857,8.119
14,14-09-2012,1554794.22,0,67.87,3.948,191.69985,8.684
19,16-12-2011,1852179.15,0,37.07,3.611,136.5335161,7.866
37,02-07-2010,498292.53,0,81.85,2.669,209.984205,8.36
16,12-08-2011,563884.47,0,67.09,3.542,194.1105017,6.338
8,10-02-2012,1021400.42,1,35.71,3.409,223.8024507,5.825
41,15-04-2011,1192982.07,0,39.94,3.611,192.4225954,6.934
6,27-01-2012,1315610.66,0,53.95,3.29,221.6769199,6.132
31,11-11-2011,1444783.64,0,59.8,3.297,217.6455387,7.441
31,16-09-2011,1363460.86,0,80.62,3.526,215.6944378,7.852
37,30-03-2012,533734.94,0,70.48,3.845,220.0454862,7.244
12,22-06-2012,981386.25,0,91.61,4.014,130.7929,11.627
43,30-03-2012,623258.4,0,69.88,3.845,212.8142212,9.653
1,14-09-2012,1517428.87,0,74.97,3.717,222.5820193,6.908
34,06-04-2012,1091020.37,0,54.42,3.864,131.0375484,9.575
35,12-08-2011,819911.89,0,76.67,3.812,140.0859873,8.684
27,08-04-2011,1689844.18,0,46.87,3.895,138.0638929,7.725
40,20-04-2012,896979.93,0,55.3,4.046,137.9230667,4.125
9,15-10-2010,454769.68,0,67.36,2.72,215.3589917,6.56
34,16-07-2010,930269.79,0,78.53,2.621,126.1498065,9.816
7,03-09-2010,532765.05,0,49.84,2.773,190.3621607,9.017
28,22-10-2010,1120619.32,0,68.85,3.014,126.3815484,14.313
18,19-03-2010,1087507.47,0,45.42,2.834,131.8242903,9.202
28,23-09-2011,1109105.92,0,82.95,3.789,129.5183333,13.503
43,22-07-2011,597354.39,0,88.58,3.651,207.2538111,10.641
6,20-01-2012,1326255.7,0,55.37,3.268,221.5831306,6.132
8,16-03-2012,921178.39,0,56.63,3.734,224.7657327,5.825
28,05-08-2011,1523870.89,0,90.61,3.803,129.1846452,13.503
17,11-02-2011,813211.46,1,14.19,3.034,127.859129,6.866
34,14-05-2010,933924.44,0,60.74,2.845,126.2085484,9.593
30,15-04-2011,426666.92,0,71.01,3.743,214.9420631,7.931
9,25-05-2012,547226.0,0,79.69,3.561,225.4944288,5.539
7,17-08-2012,642450.4,0,59.66,3.545,198.1001057,7.872
27,28-05-2010,1962468.67,0,67.88,3.046,136.1489101,8.058
13,16-07-2010,1932231.05,0,77.79,2.791,126.1498065,7.951
45,11-11-2011,808624.82,0,47.65,3.53,188.0632345,8.523
3,20-05-2011,364603.13,0,75.79,3.907,219.127216,7.574
43,08-07-2011,651147.83,0,87.02,3.48,207.1152738,10.641
21,02-04-2010,753664.12,0,64.12,2.719,210.4798874,8.2
32,17-06-2011,1192031.38,0,67.38,3.697,192.9034759,8.595
11,25-03-2011,1229777.24,0,73.74,3.473,217.9674705,7.551
31,18-06-2010,1368090.08,0,86.18,2.637,211.1096543,8.2
31,12-03-2010,1366193.35,0,57.1,2.667,211.037551,8.324
9,16-09-2011,500274.03,0,77.95,3.526,219.6297841,6.404
25,25-05-2012,783371.02,0,67.69,3.798,214.5499425,7.139
22,25-05-2012,1047297.38,0,62.39,3.85,142.1032776,7.671
22,06-07-2012,1097786.14,0,77.41,3.538,142.2234298,7.753
43,02-09-2011,594224.9,0,87.84,3.533,207.6206959,10.641
43,23-04-2010,638957.35,0,62.71,2.795,202.4831905,9.593
1,04-02-2011,1606629.58,0,42.27,2.989,212.5668812,7.742
26,17-09-2010,923473.7,0,50.08,2.716,132.7670667,8.445
23,19-11-2010,1314994.32,0,41.66,3.03,132.9172,5.287
2,28-05-2010,1957113.89,0,81.13,2.759,210.5552301,8.2
27,27-04-2012,1565498.84,0,52.33,4.163,141.9596595,8.253
12,14-05-2010,966054.97,0,68.44,3.145,126.2085484,14.099
12,28-05-2010,955451.16,0,67.84,3.058,126.1602258,14.099
11,14-01-2011,1194449.78,0,45.34,2.983,214.7470729,7.551
11,05-11-2010,1332759.13,0,64.41,2.689,215.2765472,7.564
45,23-07-2010,714601.11,0,81.46,2.771,182.3509895,8.743
23,26-08-2011,1637266.29,0,67.04,3.796,136.2136129,4.584
21,02-09-2011,705557.8,0,91.94,3.533,215.4508632,7.852
15,22-07-2011,607475.44,0,79.97,3.972,135.8738387,7.806
45,19-03-2010,773819.49,0,48.79,2.844,182.0779857,8.992
40,09-07-2010,1058250.91,0,76.67,2.806,132.5461333,5.326
45,31-12-2010,679156.2,1,29.67,3.179,182.5714479,8.724
22,09-07-2010,1092654.26,0,79.22,2.806,136.3962643,8.433
20,23-03-2012,1992436.96,0,66.11,3.9,214.0907105,6.961
4,26-03-2010,1762539.3,0,39.91,2.752,126.6050645,8.623
34,03-12-2010,1001512.21,0,34.7,2.727,126.7313333,10.21
30,22-06-2012,428554.63,0,81.78,3.346,221.4411622,6.891
12,21-05-2010,958374.56,0,76.2,3.12,126.1843871,14.099
20,22-04-2011,2313861.81,0,52.56,3.892,208.4779405,7.287
34,12-03-2010,921247.88,0,42.26,2.704,126.6042857,9.521
12,04-06-2010,1049357.36,0,81.39,2.941,126.1360645,14.099
27,24-09-2010,1597002.71,0,67.08,2.837,136.6317821,7.982
7,20-04-2012,457340.06,0,39.3,3.936,197.7227385,8.09
9,25-11-2011,814753.5,1,54.32,3.236,222.1389683,6.054
17,18-02-2011,860962.91,0,26.86,3.062,127.99525,6.866
43,18-02-2011,626627.77,0,59.15,3.045,205.1683214,10.398
33,19-02-2010,296850.83,0,62.16,2.915,126.5262857,10.115
36,29-10-2010,392654.26,0,76.22,2.68,210.6736944,8.476
39,17-12-2010,1842172.46,0,55.31,2.869,210.1787224,8.476
16,30-09-2011,450075.31,0,57.61,3.538,194.8779718,6.338
21,08-07-2011,734099.4,0,89.16,3.48,214.9296249,7.852
11,20-05-2011,1239466.97,0,76.97,3.907,219.127216,7.574
4,25-06-2010,1846651.95,0,81.1,2.654,126.1266,7.896
17,26-08-2011,837390.79,0,72.04,3.57,129.2832581,6.745
28,25-06-2010,1231025.07,0,87.27,3.084,126.1266,14.099
17,31-08-2012,865924.2,0,68.07,3.624,130.8853548,5.936
41,17-12-2010,1627904.68,0,31.51,2.778,191.0303376,7.508
25,17-09-2010,628989.88,0,60.13,2.706,204.7513279,7.527
11,01-06-2012,1361595.33,0,81.67,3.501,225.2518313,6.664
40,04-05-2012,993311.59,0,44.47,3.991,138.0332,4.125
9,19-02-2010,511327.9,0,43.06,2.514,214.8506185,6.415
30,11-02-2011,470921.24,1,34.61,3.022,212.5928624,8.028
15,28-10-2011,589842.69,0,45.54,3.757,136.4884516,7.866
10,06-08-2010,1949236.09,0,86.13,3.123,126.0854516,9.199
15,07-05-2010,661348.88,0,63.16,3.095,132.1062,8.185
27,11-02-2011,1636224.77,1,30.45,3.416,137.1378318,7.827
45,20-07-2012,737613.65,0,78.89,3.567,191.1670428,8.684
25,07-01-2011,558794.63,0,29.0,3.193,204.6487803,7.343
10,25-11-2011,2950198.64,1,60.68,3.76,129.8364,7.874
29,26-08-2011,608294.98,0,72.22,3.796,136.2136129,9.863
3,13-07-2012,416913.1,0,82.28,3.256,225.4340074,6.334
7,09-09-2011,613135.23,1,45.61,3.566,194.6387853,8.622
6,30-09-2011,1307551.92,0,82.51,3.355,218.2579435,6.925
20,24-09-2010,1789687.65,0,69.37,2.713,204.8182126,7.527
21,18-03-2011,793569.0,0,63.26,3.488,214.0156238,8.028
27,16-09-2011,1613773.9,0,69.65,3.937,140.2735,7.85
2,06-04-2012,2129035.91,0,68.43,3.891,221.0737638,6.891
45,04-11-2011,833429.22,0,43.92,3.551,187.9703629,8.523
16,28-10-2011,505918.21,0,41.97,3.55,195.3318977,6.232
5,15-07-2011,283248.62,0,88.64,3.575,215.9250696,6.529
13,28-01-2011,1633663.12,0,31.64,2.96,127.5800323,7.47
31,10-02-2012,1527688.58,1,46.52,3.409,219.9049073,7.057
21,17-12-2010,1147556.83,0,48.63,2.869,211.0645458,8.163
25,07-10-2011,671522.87,0,50.82,3.583,210.1170595,7.082
31,21-05-2010,1337405.6,0,74.24,2.826,210.2768443,8.2
1,23-07-2010,1385065.2,0,83.36,2.608,211.2351443,7.787
8,07-10-2011,929976.55,0,67.61,3.285,220.4772543,6.123
24,12-02-2010,1414107.1,1,25.94,2.94,131.5866129,8.326
19,25-05-2012,1485540.28,0,67.79,3.979,138.1101935,8.15
22,15-04-2011,1008557.04,0,48.88,3.823,138.1646952,8.252
1,30-03-2012,1649604.63,0,67.61,3.845,221.3610119,7.348
20,22-06-2012,2060588.69,0,76.51,3.564,214.606,7.139
17,16-07-2010,876591.41,0,65.66,2.791,126.1498065,6.697
32,29-06-2012,1178211.81,0,81.95,3.693,197.785577,8.09
1,04-03-2011,1636263.41,0,59.58,3.288,213.8233327,7.742
10,09-07-2010,1769793.37,0,91.03,3.1,126.1518,9.199
5,15-06-2012,327383.64,0,81.64,3.393,222.3492901,5.801
38,13-05-2011,366977.79,0,70.93,4.202,129.089,13.736
9,09-09-2011,528784.86,1,75.65,3.546,219.4457675,6.404
14,12-10-2012,1639585.61,0,54.47,4.0,192.3272654,8.667
2,24-08-2012,1876788.15,0,76.91,3.62,221.8083518,6.565
26,26-11-2010,1286833.62,1,28.11,3.07,132.8369333,8.149
32,26-10-2012,1219979.29,0,47.22,3.686,199.2195317,7.557
13,04-05-2012,1995994.51,0,54.41,3.831,131.136,5.965
5,16-03-2012,339392.54,0,63.55,3.734,221.7989713,5.943
26,21-01-2011,809833.21,0,12.98,3.232,133.0285161,7.907
33,15-04-2011,275749.56,0,64.64,4.089,128.9107333,8.687
24,10-09-2010,1474498.59,1,67.11,2.837,132.7564516,8.117
8,14-09-2012,883569.38,0,67.21,3.717,226.1615981,5.401
20,21-01-2011,1781805.66,0,27.43,3.229,205.0460497,7.343
37,24-12-2010,576809.92,0,59.1,2.886,210.1805602,8.476
28,24-08-2012,1199309.59,0,85.32,4.055,130.8381613,10.926
25,28-01-2011,600448.69,0,18.92,3.237,205.3894952,7.343
28,14-10-2011,1220984.94,0,67.31,3.805,129.7706452,12.89
22,12-08-2011,991779.2,0,74.69,3.88,140.0859873,8.023
42,22-06-2012,540031.29,0,89.92,4.014,130.7929,7.382
10,25-03-2011,1815798.85,0,62.53,3.716,128.6160645,8.744
28,12-02-2010,1558968.49,1,47.87,2.946,126.4962581,13.975
24,29-06-2012,1428869.9,0,70.4,3.667,138.1962667,8.983
20,20-05-2011,1953416.06,0,59.01,4.062,208.7583165,7.287
23,17-02-2012,1365546.69,0,27.01,3.703,137.2583103,4.261
17,09-12-2011,976522.93,0,17.56,3.341,129.8555333,6.617
1,20-04-2012,1521577.87,0,66.76,3.877,221.5640737,7.143
32,18-02-2011,1183528.58,0,42.09,3.051,191.9178331,8.818
45,09-03-2012,776968.87,0,45.52,3.848,190.3359973,8.424
27,22-10-2010,1693935.29,0,52.82,3.049,136.688871,8.021
22,15-10-2010,954401.46,0,55.23,2.878,136.6401935,8.572
27,05-10-2012,1591816.88,0,64.5,4.151,142.8516833,8.0
20,20-01-2012,1892775.94,0,27.65,3.533,212.8336399,6.961
29,09-12-2011,633240.53,0,45.35,3.47,136.5030667,9.357
24,08-04-2011,1273670.32,0,44.7,3.895,134.1777742,8.212
39,09-04-2010,1327035.27,0,68.15,2.77,209.400638,8.464
43,21-09-2012,601990.02,0,75.87,3.721,214.1192333,9.285
1,26-08-2011,1464693.46,0,87.96,3.523,215.7332258,7.962
14,06-04-2012,2376022.26,0,49.73,3.996,190.6851712,8.567
12,19-10-2012,960945.43,0,68.66,4.449,131.1499677,10.199
45,20-04-2012,776661.74,0,63.13,4.027,190.8138013,8.567
34,02-03-2012,990263.7,0,42.74,3.619,130.6457931,9.653
35,10-02-2012,849779.14,1,37.86,3.64,141.1199827,8.744
29,14-09-2012,475127.18,0,66.42,3.988,138.5673,9.419
14,07-10-2011,2078796.76,0,55.82,3.583,187.4837962,8.523
27,30-03-2012,1615494.14,0,49.4,4.098,141.6990864,8.009
43,16-03-2012,661707.02,0,57.88,3.734,212.6651567,9.653
32,20-05-2011,1145084.76,0,45.71,3.828,192.831317,8.595
12,22-10-2010,857883.46,0,68.85,3.014,126.3815484,14.313
27,09-07-2010,2119163.01,0,82.69,2.94,136.3962643,7.982
25,15-04-2011,674562.45,0,51.43,3.821,208.3172811,7.287
38,22-06-2012,405938.35,0,91.61,4.014,130.7929,11.627
44,31-08-2012,339490.69,0,79.18,3.624,130.8853548,5.407
37,06-07-2012,519498.32,0,81.52,3.227,220.567112,6.623
35,07-10-2011,791637.53,0,56.91,3.583,140.43475,8.745
32,06-05-2011,1181793.55,0,46.65,3.735,192.7252006,8.595
5,18-11-2011,307944.37,0,64.33,3.308,218.793912,6.3
16,14-01-2011,470365.59,0,17.46,2.911,191.4784939,6.614
30,14-01-2011,465408.72,0,34.14,2.983,211.1176713,8.028
39,23-07-2010,1314651.83,0,82.2,2.608,209.9958663,8.36
8,28-05-2010,868041.56,0,74.71,2.759,214.2500323,6.29
4,20-07-2012,2175563.69,0,79.14,3.263,130.7012903,4.077
30,29-07-2011,414245.96,0,91.56,3.682,215.1363819,7.852
28,11-03-2011,1380836.35,0,57.75,3.818,128.3995,14.021
9,22-04-2011,549502.11,0,72.35,3.807,219.0861659,6.38
24,01-10-2010,1215273.2,0,66.88,2.84,132.7568,8.275
25,06-05-2011,659446.55,0,49.5,4.046,208.7992595,7.287
11,19-08-2011,1484169.74,0,89.51,3.554,219.023271,7.567
22,18-11-2011,1007579.44,0,50.62,3.571,140.4127857,7.706
40,26-10-2012,921264.52,0,49.65,3.917,138.7281613,4.145
31,12-08-2011,1443311.49,0,92.32,3.638,215.2593211,7.852
31,26-08-2011,1417267.07,0,92.07,3.523,215.386897,7.852
2,15-06-2012,1962924.3,0,80.56,3.393,221.4009901,6.891
22,29-06-2012,1053881.78,0,70.99,3.577,142.1920381,7.671
43,10-09-2010,722120.04,1,81.32,2.565,203.4214677,9.816
15,09-03-2012,545120.67,0,36.97,4.021,137.5066897,7.943
24,01-06-2012,1467722.19,0,71.79,3.915,138.1138065,8.983
14,21-01-2011,1743188.87,0,30.55,3.229,182.9193368,8.549
26,21-10-2011,974907.28,0,45.23,3.618,136.5017742,7.598
39,05-11-2010,1293707.19,0,61.62,2.689,210.7202444,8.476
5,16-09-2011,278529.71,0,83.55,3.526,216.6033083,6.529
31,16-07-2010,1335433.72,0,85.61,2.623,210.7577954,8.099
32,13-01-2012,1071598.36,0,28.99,3.077,196.7330517,8.256
29,17-02-2012,559606.91,0,36.25,3.703,137.2583103,8.988
7,12-10-2012,503463.93,0,41.43,3.76,199.0539368,7.557
31,23-07-2010,1276031.84,0,87.17,2.608,210.8921319,8.099
20,04-05-2012,2163510.89,0,62.74,3.951,214.4771081,7.139
20,11-11-2011,2269975.85,0,47.27,3.53,210.9810201,7.082
13,27-05-2011,1866369.93,0,54.62,3.778,129.0623548,7.193
9,18-11-2011,542414.27,0,58.8,3.308,221.8803923,6.054
38,18-02-2011,364606.7,0,53.35,3.43,127.99525,14.021
25,03-12-2010,885572.96,0,32.41,3.046,204.8249189,7.484
40,09-04-2010,919839.19,0,54.31,2.849,131.9408065,5.435
37,08-04-2011,543703.16,0,69.39,3.622,213.8116658,8.3
45,04-03-2011,761880.36,0,38.65,3.433,184.3879911,8.549
16,19-11-2010,458634.68,0,27.26,2.758,191.0312172,6.986
21,11-02-2011,771908.51,1,34.61,3.022,212.5928624,8.028
28,04-05-2012,1450628.85,0,76.03,4.171,131.136,11.627
7,21-01-2011,521539.46,0,25.4,2.973,191.5731924,8.818
30,30-09-2011,387001.13,0,78.91,3.355,216.3620333,7.852
10,28-05-2010,1904618.17,0,76.67,3.058,126.1602258,9.524
42,14-09-2012,586737.66,0,78.47,3.966,130.9776667,7.17
12,18-02-2011,1128485.1,0,53.35,3.43,127.99525,14.021
11,11-11-2011,1366053.69,0,64.2,3.297,221.4117517,7.197
6,25-05-2012,1603793.42,0,78.47,3.561,223.3525662,5.964
3,24-06-2011,385520.71,0,84.94,3.594,218.45094,7.574
1,28-09-2012,1437059.26,0,76.08,3.666,222.9816579,6.908
3,07-05-2010,399323.86,0,73.47,2.835,213.6211778,7.343
11,06-07-2012,1461129.94,0,83.44,3.227,225.3916254,6.334
8,19-02-2010,963960.37,0,39.1,2.514,214.6664878,6.299
3,09-12-2011,468772.8,0,49.26,3.158,222.4167852,7.197
28,26-11-2010,1937033.5,1,47.66,3.162,126.6692667,14.313
29,31-12-2010,465992.02,1,28.49,3.177,132.8150323,10.524
6,24-12-2010,2727575.18,0,55.07,2.886,212.9165082,7.007
38,24-08-2012,397428.22,0,85.32,4.055,130.8381613,10.926
39,09-07-2010,1330473.47,0,81.1,2.642,209.8708867,8.36
26,24-09-2010,868636.3,0,52.47,2.718,132.7619333,8.445
24,17-02-2012,1326370.08,0,33.92,3.874,137.2583103,8.659
37,26-11-2010,518220.72,1,67.73,2.735,210.5152765,8.476
31,04-05-2012,1391257.28,0,77.53,3.749,221.3095166,6.891
10,20-04-2012,1777166.53,0,67.75,4.111,131.1173333,7.382
41,18-05-2012,1331514.44,0,55.24,3.837,197.5553137,6.547
39,15-07-2011,1380257.12,0,85.96,3.575,214.1083654,8.177
20,05-03-2010,2119213.72,0,31.75,2.777,204.4940734,8.187
14,01-07-2011,2074668.19,0,74.04,3.748,185.9119885,8.625
26,27-07-2012,1031745.14,0,64.12,3.701,138.2033871,7.405
34,24-12-2010,1620748.25,0,42.74,2.887,126.9835806,10.21
36,24-02-2012,313270.45,0,62.21,3.55,219.3244636,7.244
39,31-12-2010,1230012.16,1,52.45,2.943,210.182398,8.476
24,12-10-2012,1416301.17,0,51.64,4.186,138.9117,8.693
36,23-09-2011,322405.13,0,78.35,3.441,215.1233185,8.177
19,23-03-2012,1342254.55,0,56.72,4.054,137.6552903,7.943
25,20-07-2012,685676.58,0,74.32,3.567,214.7331351,7.28
1,18-03-2011,1576818.06,0,62.76,3.488,214.3627114,7.742
1,22-07-2011,1396926.82,0,85.77,3.651,215.4222784,7.962
6,26-08-2011,1420405.41,0,90.07,3.523,217.2706543,6.925
17,20-07-2012,944698.7,0,70.59,3.556,130.7012903,5.936
29,22-06-2012,581854.5,0,70.61,3.629,138.1629,9.14
33,20-04-2012,261837.2,0,72.94,4.111,131.1173333,7.396
6,10-06-2011,1598643.65,0,84.49,3.648,216.5840732,6.855
24,27-05-2011,1311153.72,0,65.74,4.134,134.7677742,8.212
44,13-04-2012,311390.22,0,51.7,3.833,131.108,5.621
25,09-07-2010,719591.13,0,75.24,2.793,204.3625658,7.527
16,24-06-2011,569105.03,0,54.36,3.661,192.9982655,6.339
37,13-07-2012,506005.47,0,78.15,3.256,220.6063444,6.623
38,05-11-2010,380870.09,0,65.49,3.129,126.4912903,14.313
33,23-12-2011,256235.19,0,53.39,3.541,129.9845484,8.01
23,03-12-2010,1617025.41,0,34.3,3.065,132.7566667,5.287
28,12-03-2010,1326877.11,0,50.11,2.925,126.6042857,13.975
35,11-11-2011,880576.33,0,49.69,3.53,140.4111613,8.745
7,04-02-2011,558027.77,0,-2.06,3.011,191.7625895,8.818
16,13-08-2010,543757.97,0,63.91,2.723,190.2611552,6.868
29,04-03-2011,536031.67,0,33.52,3.437,133.6141429,10.256
17,02-07-2010,958875.37,0,68.98,2.814,126.1392,6.697
45,18-06-2010,815130.5,0,72.62,2.78,182.4424199,8.899
9,06-04-2012,677885.99,0,68.83,3.891,225.1820555,5.539
18,29-04-2011,974114.39,0,58.82,3.988,134.4357333,8.975
34,11-05-2012,949625.52,0,61.92,3.685,131.1453333,9.575
29,02-03-2012,500801.72,0,37.47,3.827,137.4238966,8.988
9,01-10-2010,495692.19,0,69.08,2.603,215.2141341,6.56
34,16-03-2012,999298.43,0,48.09,3.707,130.8261935,9.653
45,01-10-2010,690007.76,0,70.58,2.707,182.7168385,8.724
4,07-05-2010,2000626.14,0,56.77,2.836,126.2898,7.896
10,30-03-2012,1815760.42,0,67.92,4.294,130.9670968,7.545
44,29-07-2011,279677.0,0,77.62,3.574,129.1677097,6.56
44,18-03-2011,281699.68,0,44.69,3.407,128.5121935,7.224
40,31-08-2012,987264.67,0,66.11,3.884,138.3771935,4.156
28,27-05-2011,1160043.98,0,76.67,4.087,129.0623548,13.736
43,22-06-2012,613270.79,0,87.51,3.346,213.2123786,9.575
8,11-02-2011,996147.39,1,28.26,3.022,216.3126733,6.262
22,27-01-2012,786459.23,0,35.68,3.568,140.9124021,7.503
35,11-03-2011,830601.39,0,43.64,3.582,137.6269617,8.549
25,14-10-2011,646915.47,0,58.95,3.541,210.4027602,7.082
10,20-07-2012,1869967.03,0,84.45,3.589,130.7012903,7.17
17,16-09-2011,1051116.95,0,61.48,3.641,129.4306,6.745
32,20-01-2012,1080012.04,0,36.86,3.055,196.7796652,8.256
25,23-04-2010,694531.72,0,46.12,2.902,203.6905586,7.856
33,21-09-2012,252709.58,0,86.53,4.125,131.0103333,7.147
35,04-05-2012,772036.6,0,53.68,3.951,142.0177929,8.876
39,21-09-2012,1555672.51,0,73.58,3.721,221.4578604,6.623
43,03-08-2012,614378.94,0,85.06,3.417,213.3388802,9.285
11,24-06-2011,1254587.84,0,86.13,3.594,218.45094,7.574
37,25-06-2010,485419.39,0,84.14,2.653,210.0975233,8.464
34,02-07-2010,919229.36,0,73.66,2.668,126.1392,9.816
30,27-01-2012,433037.66,0,50.79,3.29,219.7188636,7.057
15,09-04-2010,634605.77,0,57.77,2.992,131.9408065,8.185
35,12-02-2010,1168815.31,1,29.81,2.773,135.4113076,9.262
25,20-04-2012,661566.48,0,57.1,4.027,214.3675045,7.139
24,16-07-2010,1418697.05,0,76.56,2.933,132.5667742,8.117
37,20-08-2010,486930.72,0,85.54,2.664,210.3617581,8.36
34,27-07-2012,917883.79,0,77.3,3.356,130.7195806,9.285
28,31-08-2012,1227118.75,0,89.78,4.093,130.8853548,10.926
1,19-03-2010,1472515.79,0,54.58,2.72,211.215635,8.106
21,25-05-2012,722891.24,0,79.49,3.561,221.3828029,6.891
18,04-03-2011,1063310.62,0,28.49,3.437,133.6141429,9.131
5,17-02-2012,356427.98,0,48.25,3.51,221.0106341,5.943
14,16-09-2011,1864637.89,0,69.17,3.742,186.8024,8.625
30,03-12-2010,407112.22,0,50.43,2.708,211.265543,8.163
42,28-01-2011,499081.79,0,53.03,3.231,127.5800323,8.744
45,12-02-2010,656988.64,1,27.73,2.773,181.982317,8.992
37,19-11-2010,518124.16,0,56.73,2.771,210.65429,8.476
30,22-04-2011,445358.73,0,70.79,3.807,215.1096657,7.931
19,24-09-2010,1318343.58,0,63.43,2.837,132.7619333,8.099
29,30-12-2011,551743.05,1,36.28,3.402,136.6432581,9.357
42,31-12-2010,428953.6,1,49.67,3.148,127.0876774,9.003
8,22-04-2011,937473.13,0,65.11,3.807,218.8986857,6.297
21,01-10-2010,677158.39,0,70.28,2.603,211.3298742,8.163
30,28-01-2011,425989.04,0,44.04,3.01,211.8552668,8.028
16,16-12-2011,679481.9,0,22.5,3.266,195.9841685,6.232
11,10-12-2010,1564516.43,0,53.33,2.843,214.7693037,7.564
37,26-08-2011,527947.21,0,86.02,3.523,214.4878416,8.177
14,03-09-2010,2182563.66,0,78.37,2.715,182.6042922,8.743
28,22-06-2012,1180671.55,0,91.61,4.014,130.7929,11.627
15,18-06-2010,652329.53,0,65.83,2.942,132.4733333,8.185
36,10-12-2010,404545.03,0,51.83,2.813,210.2372494,8.476
40,22-04-2011,965056.4,0,39.32,3.919,134.3571,4.781
19,16-09-2011,1365633.53,0,62.76,3.937,136.3145,7.806
18,15-10-2010,1029618.1,0,52.02,2.878,132.7633548,9.331
23,14-01-2011,1016756.1,0,18.2,3.215,132.9510645,5.114
8,27-07-2012,838227.52,0,81.71,3.407,225.5029014,5.401
11,10-09-2010,1231428.46,1,81.93,2.565,214.8065431,7.346
38,07-09-2012,490274.82,1,88.52,4.124,130.9325484,10.926
41,02-12-2011,1292436.23,0,34.53,3.378,195.8223287,6.759
27,20-01-2012,1542131.05,0,30.35,3.705,140.8086118,8.009
33,16-03-2012,278067.73,0,65.99,4.273,130.8261935,7.603
21,02-03-2012,764385.4,0,59.3,3.63,220.4866886,7.057
2,12-08-2011,1812768.26,0,91.58,3.638,215.2593211,7.852
42,25-11-2011,577698.37,1,60.68,3.76,129.8364,7.874
1,07-01-2011,1444732.28,0,48.27,2.976,211.4047419,7.742
5,12-02-2010,311825.7,1,39.81,2.548,211.8004698,6.566
9,11-11-2011,594574.12,0,58.28,3.297,221.6482278,6.054
35,18-06-2010,1198025.76,0,70.0,2.78,136.3243393,9.051
22,03-09-2010,1074535.88,0,75.85,2.735,136.5891118,8.433
44,09-09-2011,295811.25,1,70.19,3.619,129.3686129,6.56
41,07-01-2011,1153596.53,0,23.76,2.882,191.3683815,7.241
16,21-09-2012,509942.56,0,56.48,3.765,198.358523,6.061
31,04-02-2011,1443206.46,0,36.33,2.989,212.2240646,8.028
2,22-06-2012,1887733.21,0,81.04,3.346,221.4411622,6.891
8,27-01-2012,778178.53,0,45.52,3.29,223.6133539,5.825
17,04-06-2010,876902.87,0,53.79,2.871,126.1360645,6.635
36,03-12-2010,360266.09,0,54.44,2.694,210.376263,8.476
14,22-07-2011,1882070.88,0,82.33,3.811,186.2177885,8.625
3,06-01-2012,398178.21,0,52.42,3.157,223.1923049,6.833
12,20-07-2012,941550.34,0,85.53,3.726,130.7012903,10.926
12,25-02-2011,1046203.72,0,48.45,3.53,128.13,14.021
26,11-05-2012,1062548.73,0,47.11,3.947,138.0882667,7.489
19,12-10-2012,1352809.5,0,48.29,4.186,138.9117,7.992
44,10-06-2011,308770.42,0,61.39,3.732,129.0357097,6.906
32,20-07-2012,1167829.33,0,77.76,3.585,197.9290378,7.872
40,22-10-2010,882180.91,0,41.25,2.919,132.8170968,5.287
11,24-08-2012,1409515.73,0,83.17,3.62,225.6925864,6.334
20,03-12-2010,2416051.17,0,35.47,3.046,204.8249189,7.484
34,20-08-2010,985152.94,0,76.45,2.671,126.0766452,9.816
2,13-05-2011,1838513.07,0,74.61,3.899,215.6124735,7.931
7,28-01-2011,513372.17,0,10.11,3.008,191.667891,8.818
10,19-02-2010,2113432.58,0,58.22,2.915,126.5262857,9.765
34,06-07-2012,1007867.68,0,77.95,3.187,130.7196333,9.285
14,26-03-2010,2050396.27,0,54.36,2.854,181.9718697,8.992
13,06-07-2012,2184980.35,0,79.23,3.63,130.7196333,5.765
18,13-05-2011,993172.98,0,58.48,4.095,134.593,8.975
37,24-02-2012,518696.89,0,62.21,3.555,219.3244636,7.244
1,03-02-2012,1636339.65,0,56.55,3.36,220.1720153,7.348
7,06-01-2012,713117.66,0,18.67,3.095,196.5458309,8.256
13,29-07-2011,1880785.69,0,77.62,3.574,129.1677097,6.877
15,30-09-2011,521297.31,0,64.87,3.858,136.4195,7.806
19,20-07-2012,1317672.92,0,76.17,3.732,138.2331935,8.193
3,17-12-2010,498159.39,0,52.2,2.869,214.704919,7.564
43,26-02-2010,618702.79,0,48.77,2.561,203.2798724,9.521
33,24-06-2011,238433.53,0,94.11,3.807,129.0663,8.687
37,03-09-2010,510427.53,0,82.29,2.577,210.2966631,8.36
18,20-08-2010,1141860.67,0,71.76,2.796,132.6616129,9.342
13,18-03-2011,1852443.78,0,44.69,3.407,128.5121935,7.47
32,15-07-2011,1144254.26,0,70.55,3.532,193.3125484,8.622
28,11-06-2010,1348995.17,0,90.84,2.949,126.1119032,14.099
41,24-09-2010,1110941.78,0,60.11,2.793,190.5713264,7.335
41,21-09-2012,1276609.36,0,59.81,3.765,198.358523,6.432
42,12-10-2012,612379.9,0,76.03,4.468,131.1083333,6.943
38,07-05-2010,383657.44,0,70.15,3.127,126.2898,14.099
31,16-12-2011,1611196.61,0,50.56,3.159,218.8217928,7.441
21,22-10-2010,710668.45,0,70.72,2.725,211.5187208,8.163
23,13-04-2012,1231752.54,0,41.81,4.025,137.868,4.125
12,21-09-2012,922735.37,0,82.97,4.125,131.0103333,10.926
35,05-11-2010,843755.12,0,45.91,2.917,136.7862258,8.763
18,31-12-2010,887907.01,1,26.1,3.177,132.8150323,9.331
32,07-09-2012,1126685.95,1,72.56,3.596,198.0950484,7.872
10,12-08-2011,1917397.63,0,85.61,3.794,129.2015806,8.257
2,03-09-2010,1904608.09,0,81.83,2.577,211.1886931,8.099
7,05-02-2010,496725.44,0,10.53,2.58,189.3816974,9.014
34,26-03-2010,880742.35,0,42.91,2.752,126.6050645,9.521
24,13-05-2011,1311950.16,0,58.49,4.211,134.593,8.212
40,11-06-2010,1007574.67,0,59.42,2.83,132.4357419,5.435
30,06-07-2012,440553.42,0,85.26,3.227,221.5215064,6.565
14,18-11-2011,1969360.72,0,51.34,3.53,188.1983654,8.523
29,04-02-2011,504126.89,0,26.39,3.24,133.1834194,10.256
29,09-04-2010,569937.23,0,57.06,2.849,131.9408065,10.16
15,01-10-2010,566945.95,0,59.69,2.84,132.7568,8.067
36,30-07-2010,432451.91,0,81.88,2.602,210.1286794,8.36
41,09-07-2010,1176079.59,0,60.93,2.711,189.5231276,7.335
33,27-07-2012,249134.32,0,93.95,3.769,130.7195806,7.147
1,11-06-2010,1542561.09,0,80.43,2.668,211.4560951,7.808
1,05-02-2010,1643690.9,0,42.31,2.572,211.0963582,8.106
16,27-08-2010,581010.52,0,65.66,2.731,190.3284922,6.868
10,03-06-2011,1792210.89,0,81.87,3.893,129.0490323,8.494
34,25-02-2011,953331.45,0,44.57,3.087,128.13,10.398
26,17-08-2012,1068292.56,0,65.54,3.84,138.1857097,7.405
20,09-03-2012,2139265.4,0,41.14,3.848,213.8711137,6.961
45,30-04-2010,737265.57,0,53.15,2.921,181.6620359,8.899
3,16-03-2012,411775.8,0,64.0,3.734,224.7166953,6.833
35,24-08-2012,895274.72,0,72.93,3.834,142.3105933,8.839
22,09-03-2012,991127.01,0,41.72,3.876,141.4742857,7.503
42,11-03-2011,607294.56,0,64.22,3.63,128.3995,8.744
36,10-06-2011,374182.04,0,82.41,3.633,213.7917147,8.3
13,09-12-2011,2462779.06,0,24.82,3.341,129.8555333,6.392
35,26-02-2010,1020651.74,0,36.0,2.754,135.5195191,9.262
33,29-07-2011,224806.96,0,95.28,3.694,129.1677097,8.442
6,13-01-2012,1344243.17,0,48.33,3.261,221.4893412,6.132
11,26-10-2012,1200729.45,0,74.26,3.506,226.9873637,6.034
32,16-04-2010,1082763.27,0,53.49,2.765,189.6628845,8.963
13,16-09-2011,1923223.82,0,67.54,3.641,129.4306,6.877
16,07-09-2012,537138.58,1,60.09,3.596,198.0950484,6.061
17,19-10-2012,957356.84,0,48.16,3.781,131.1499677,5.527
36,24-06-2011,360009.94,0,83.95,3.569,213.8402689,8.3
41,21-05-2010,1163234.33,0,50.59,2.776,189.467827,7.363
34,24-08-2012,926250.21,0,72.44,3.61,130.8381613,9.285
27,08-07-2011,2000055.27,0,76.87,3.886,139.5442083,7.85
39,27-01-2012,1320301.61,0,60.65,3.29,218.7687195,7.244
30,16-03-2012,413617.45,0,63.39,3.734,220.8498468,7.057
28,15-06-2012,1229760.97,0,85.94,4.144,130.8295333,11.627
40,14-01-2011,771315.62,0,18.55,3.215,132.9510645,5.114
38,10-09-2010,336227.69,1,83.63,3.044,126.1145806,14.18
44,05-10-2012,337390.44,0,61.79,3.815,131.0756667,5.217
33,30-07-2010,242047.03,0,92.71,3.017,126.1069032,9.495
4,29-06-2012,2128362.92,0,84.23,3.257,130.7562667,4.308
9,21-05-2010,506274.94,0,71.5,2.826,214.1399162,6.384
9,03-06-2011,587004.29,0,85.8,3.699,218.8784768,6.38
26,19-11-2010,901972.7,0,36.73,3.03,132.9172,8.149
10,29-10-2010,1741308.56,0,68.76,3.13,126.4364194,9.003
27,29-07-2011,1744879.06,0,79.41,4.004,139.8933099,7.85
28,26-02-2010,1542173.33,0,50.23,2.825,126.5522857,13.975
5,20-07-2012,321205.12,0,81.05,3.311,222.5209358,5.603
19,06-07-2012,1557120.44,0,76.07,3.646,138.2296333,8.193
33,25-06-2010,259419.91,0,93.66,3.084,126.1266,9.849
13,10-08-2012,2041019.92,0,81.69,3.509,130.7561613,5.765
38,10-06-2011,381763.02,0,78.72,3.981,129.0357097,13.736
20,12-08-2011,2052246.4,0,73.52,3.812,208.7820061,7.274
11,30-07-2010,1250178.89,0,83.26,2.64,214.695346,7.346
38,09-09-2011,397771.68,1,88.0,3.913,129.3686129,13.503
41,05-02-2010,1086533.18,0,30.27,2.58,189.3816974,7.541
24,13-08-2010,1384243.75,0,74.17,2.923,132.63,8.117
7,02-04-2010,561145.14,0,38.26,2.725,189.7048215,8.963
35,10-12-2010,1108580.19,0,30.83,3.109,136.5255714,8.763
12,17-06-2011,986504.93,0,86.84,3.935,129.0432,13.736
15,28-09-2012,553901.97,0,57.13,4.158,138.7395,8.193
31,17-12-2010,1714667.0,0,48.63,2.869,211.0645458,8.163
43,01-06-2012,605078.62,0,80.89,3.501,213.1719747,9.575
11,01-04-2011,1258674.12,0,69.1,3.524,218.2114184,7.574
25,07-09-2012,671482.9,1,72.79,3.911,215.2189573,7.28
6,14-05-2010,1524059.4,0,74.95,2.854,211.8421769,7.092
30,03-02-2012,434080.74,0,55.83,3.36,219.8118854,7.057
29,01-10-2010,474698.01,0,69.31,2.717,132.7568,10.524
19,24-12-2010,2678206.42,0,26.05,3.309,132.7477419,8.067
14,29-07-2011,1871021.01,0,81.31,3.829,186.2955962,8.625
30,05-02-2010,465108.52,0,39.05,2.572,210.7526053,8.324
8,09-03-2012,960115.56,0,49.59,3.669,224.6110379,5.825
37,13-05-2011,511871.63,0,76.73,3.899,214.6899778,8.3
44,23-03-2012,296947.06,0,47.83,3.671,130.8966452,5.774
21,28-09-2012,647097.65,0,80.38,3.666,222.6164329,6.565
17,17-02-2012,927084.65,0,30.76,3.119,130.4546207,6.403
9,19-11-2010,519823.3,0,49.96,2.771,215.4372854,6.56
15,12-03-2010,604173.59,0,41.39,2.938,131.784,8.35
2,21-01-2011,1751384.9,0,41.4,3.016,211.4864691,8.028
11,23-09-2011,1235775.15,0,82.14,3.467,219.7414914,7.567
43,06-01-2012,670993.01,0,47.59,3.157,211.2428134,9.653
5,19-03-2010,281706.41,0,55.46,2.72,211.770897,6.566
15,01-06-2012,663971.26,0,67.61,3.915,138.1138065,8.15
10,26-10-2012,1744349.05,0,70.5,4.301,131.1930968,6.943
6,04-03-2011,1502617.99,0,60.45,3.288,215.3584231,6.858
19,07-05-2010,1566219.77,0,62.54,3.095,132.1062,8.185
17,24-02-2012,843864.43,0,30.01,3.145,130.5502069,6.403
45,05-08-2011,765996.92,0,78.22,3.842,186.3734038,8.625
13,03-08-2012,2044148.23,0,81.99,3.512,130.737871,5.765
1,10-08-2012,1592409.97,0,85.05,3.494,221.9584329,6.908
2,08-10-2010,1849921.44,0,63.19,2.633,211.4044906,8.163
45,14-09-2012,702238.27,0,67.87,3.948,191.69985,8.684
13,02-12-2011,2051315.66,0,33.94,3.389,129.8459667,6.392
33,18-03-2011,247234.47,0,72.72,3.892,128.5121935,8.951
19,19-03-2010,1332940.35,0,43.74,2.96,131.8242903,8.35
42,30-03-2012,544408.14,0,67.92,4.294,130.9670968,7.545
28,09-04-2010,1382359.21,0,59.25,3.09,126.6019032,14.099
19,05-08-2011,1408968.55,0,73.84,4.02,136.0540323,7.806
30,10-06-2011,424697.05,0,84.71,3.648,214.6964908,7.931
15,17-06-2011,639928.85,0,63.9,3.989,135.0837333,7.658
5,30-09-2011,292315.38,0,81.16,3.355,217.2760127,6.529
14,22-10-2010,1936621.09,0,53.15,2.917,182.8558685,8.724
33,12-10-2012,291781.15,0,79.64,4.468,131.1083333,6.895
19,17-09-2010,1386789.31,0,58.68,2.846,132.7670667,8.099
16,22-07-2011,581758.22,0,65.36,3.545,193.5120367,6.338
43,05-08-2011,605956.59,0,87.47,3.684,207.3732949,10.641
17,04-11-2011,927657.63,0,37.52,3.538,129.8051935,6.617
11,04-06-2010,1396322.19,0,79.66,2.705,214.4958382,7.343
3,04-03-2011,437084.51,0,65.11,3.288,217.1716979,7.551
38,20-08-2010,329139.73,0,92.81,3.041,126.0766452,14.18
40,19-08-2011,943237.12,0,64.05,3.82,136.183129,4.584
18,09-12-2011,1368471.23,0,42.36,3.47,136.5030667,8.471
6,30-04-2010,1498080.16,0,68.91,2.78,211.8942725,7.092
42,02-07-2010,507168.8,0,92.89,2.978,126.1392,9.199
7,11-05-2012,460397.41,0,48.54,3.87,197.5481609,8.09
24,28-01-2011,1126921.34,0,17.91,3.402,133.1059677,8.252
32,02-07-2010,1187988.64,0,74.74,2.728,189.4882603,9.017
14,03-06-2011,2079899.47,0,76.38,3.922,185.7545,8.521
45,02-07-2010,800147.84,0,76.61,2.815,182.3187801,8.743
30,08-10-2010,462080.47,0,65.76,2.633,211.4044906,8.163
44,20-04-2012,323233.8,0,50.24,3.845,131.1173333,5.621
44,30-07-2010,275020.96,0,78.94,2.797,126.1069032,7.804
10,30-04-2010,1790694.59,0,69.76,3.105,126.3805667,9.524
32,24-09-2010,1067432.1,0,64.19,2.793,190.5713264,9.017
42,22-10-2010,522467.51,0,68.12,3.014,126.3815484,9.003
5,14-10-2011,286117.72,0,72.36,3.274,217.9237458,6.3
13,08-07-2011,2021699.38,0,77.3,3.563,129.1125,6.877
28,14-01-2011,1098286.61,0,43.15,3.312,127.3009355,14.021
31,04-06-2010,1427624.5,0,82.68,2.705,210.833616,8.2
4,29-04-2011,1878167.44,0,64.22,3.781,128.9998667,5.946
39,11-02-2011,1227893.89,1,40.34,3.022,211.6985093,8.395
32,29-07-2011,1169988.62,0,75.91,3.547,193.711525,8.622
26,11-06-2010,1073862.59,0,51.62,2.83,132.4357419,8.512
42,24-02-2012,564304.15,0,56.02,3.95,130.5502069,7.545
42,11-02-2011,628063.88,1,51.51,3.381,127.859129,8.744
39,19-02-2010,1230591.97,0,43.96,2.514,210.0451024,8.554
8,16-09-2011,870971.82,0,69.09,3.526,219.4442443,6.425
43,08-04-2011,650418.75,0,70.35,3.622,206.8970046,10.581
25,09-03-2012,643711.53,0,37.44,3.848,213.8711137,6.961
5,08-06-2012,341704.59,0,81.02,3.452,222.33627,5.801
9,31-08-2012,576879.15,0,80.71,3.638,226.0734135,5.277
23,04-02-2011,1159438.53,0,14.5,3.24,133.1834194,5.114
32,25-11-2011,1684468.66,1,40.22,3.424,195.7704,8.513
12,07-01-2011,910110.24,0,37.64,3.287,127.1917742,14.021
18,03-08-2012,1052066.58,0,72.67,3.698,138.1735806,8.535
32,14-01-2011,1028206.51,0,21.69,2.911,191.4784939,8.818
43,18-06-2010,700009.77,0,84.9,2.637,203.370619,9.593
1,20-05-2011,1428218.27,0,67.63,3.907,215.7339202,7.682
13,21-05-2010,1853657.6,0,57.71,2.95,126.1843871,8.107
43,16-09-2011,618877.13,0,77.17,3.526,207.8527143,10.641
16,22-06-2012,581745.72,0,70.41,3.735,197.7389345,6.169
32,09-09-2011,1128237.3,1,61.24,3.566,194.6387853,8.622
26,17-12-2010,1196813.33,0,20.61,3.139,132.6804516,8.149
36,21-01-2011,399191.05,0,51.18,2.98,210.6031072,8.395
6,10-02-2012,1620603.92,1,48.58,3.409,221.8644987,6.132
9,02-09-2011,544643.33,0,89.33,3.533,219.382382,6.404
12,03-02-2012,1058767.95,0,50.58,3.702,130.3496774,12.187
38,15-07-2011,367181.71,0,88.1,3.692,129.1338387,13.503
21,26-03-2010,686497.53,0,51.66,2.732,210.6766095,8.324
33,03-02-2012,256091.32,0,59.53,3.543,130.3496774,7.603
17,12-08-2011,800819.79,0,64.79,3.606,129.2015806,6.745
39,08-10-2010,1286598.59,0,64.8,2.633,210.5144398,8.476
30,15-06-2012,438523.24,0,81.51,3.393,221.4009901,6.891
18,26-08-2011,1147906.46,0,70.32,3.796,136.2136129,8.89
35,18-05-2012,819196.68,0,65.15,3.848,142.0970115,8.876
20,19-03-2010,1951848.43,0,47.32,2.844,204.3782258,8.187
41,19-02-2010,1052034.74,0,24.13,2.55,189.5340998,7.541
39,20-08-2010,1471816.52,0,85.73,2.664,210.3617581,8.36
34,09-07-2010,911210.81,0,75.0,2.637,126.1518,9.816
8,26-10-2012,891671.44,0,64.74,3.506,227.0369359,5.124
3,23-03-2012,413907.25,0,66.53,3.787,224.7909104,6.833
42,18-03-2011,558239.32,0,70.12,3.892,128.5121935,8.744
32,26-11-2010,1634635.86,1,29.97,2.742,191.0121805,9.137
6,17-06-2011,1622150.33,0,87.08,3.637,216.5371616,6.855
39,13-05-2011,1325022.77,0,77.39,3.899,214.6899778,8.3
30,14-09-2012,437773.31,0,76.1,3.717,222.2174395,6.565
10,23-03-2012,1837457.69,0,56.54,4.288,130.8966452,7.545
12,30-09-2011,866401.45,0,83.26,3.877,129.6060667,13.503
27,06-07-2012,2062224.92,0,82.08,3.646,142.2234298,8.239
33,19-08-2011,242771.37,0,95.89,3.743,129.2405806,8.442
22,10-08-2012,973812.79,0,76.74,3.772,142.1705634,7.753
16,15-07-2011,586841.77,0,65.16,3.532,193.3125484,6.338
7,01-06-2012,598495.02,0,55.06,3.764,197.6218954,8.09
17,03-12-2010,926573.81,0,22.47,2.812,126.7313333,6.885
10,23-04-2010,1829521.83,0,66.42,3.05,126.4713333,9.524
27,05-02-2010,1874289.79,0,27.19,2.954,135.3524608,8.237
39,05-02-2010,1230596.8,0,44.3,2.572,209.8529663,8.554
34,04-02-2011,971932.87,0,23.82,2.996,127.7195806,10.398
1,02-09-2011,1550229.22,0,87.83,3.533,215.7971409,7.962
44,22-10-2010,270110.3,0,56.89,2.849,126.3815484,7.61
38,11-02-2011,377672.46,1,51.3,3.381,127.859129,14.021
36,07-05-2010,489372.02,0,75.56,2.786,209.1215867,8.464
31,09-04-2010,1395710.09,0,65.74,2.77,210.2831653,8.2
45,18-05-2012,800842.28,0,66.3,3.848,190.9964479,8.567
27,01-10-2010,1543532.83,0,70.19,2.84,136.6297571,8.021
21,03-12-2010,829210.73,0,50.43,2.708,211.265543,8.163
3,21-09-2012,414392.09,0,72.78,3.721,226.3151496,6.334
39,08-06-2012,1623442.24,0,81.12,3.452,220.4357073,6.989
14,17-12-2010,2762861.41,0,30.51,3.14,182.517732,8.724
41,10-02-2012,1238844.56,1,22.0,3.103,196.9195056,6.589
11,06-01-2012,1283885.55,0,54.44,3.157,223.1923049,6.833
32,04-05-2012,1187384.53,0,58.29,3.903,197.6063534,8.09
11,07-09-2012,1304584.4,1,85.17,3.73,225.9660263,6.334
44,21-10-2011,305969.81,0,54.66,3.579,129.7821613,6.078
20,17-09-2010,1948359.78,0,65.28,2.706,204.7513279,7.527
6,22-06-2012,1618272.25,0,81.2,3.346,223.4093906,5.964
4,17-06-2011,2141210.62,0,83.51,3.618,129.0432,5.946
43,25-11-2011,669965.22,1,55.7,3.236,210.0888571,10.148
1,19-10-2012,1508068.77,0,67.97,3.594,223.4257233,6.573
38,23-04-2010,335121.82,0,64.55,3.05,126.4713333,14.099
19,10-09-2010,1591453.39,1,63.36,2.837,132.7564516,8.099
29,26-11-2010,975268.91,1,44.61,3.07,132.8369333,10.524
10,28-10-2011,1771792.97,0,72.79,3.843,129.7936774,7.874
35,06-07-2012,985479.64,0,82.08,3.475,142.2234298,8.839
45,07-05-2010,812190.76,0,70.75,2.966,181.6468154,8.899
16,01-06-2012,532311.93,0,58.97,3.764,197.6218954,6.169
24,24-09-2010,1169413.27,0,64.3,2.837,132.7619333,8.117
38,10-08-2012,436690.13,0,95.91,3.811,130.7561613,10.926
8,21-09-2012,857796.45,0,66.96,3.721,226.3645848,5.401
16,30-03-2012,485095.41,0,48.29,3.75,197.4133259,6.162
40,23-07-2010,922341.82,0,71.79,2.784,132.5825806,5.326
6,27-07-2012,1513229.16,0,85.78,3.407,223.5516178,5.668
13,17-06-2011,2086433.49,0,63.35,3.704,129.0432,7.193
36,04-03-2011,402579.84,0,64.55,3.282,212.576205,8.395
4,01-06-2012,2179360.94,0,77.41,3.483,130.9592258,4.308
4,03-09-2010,1935857.58,0,76.8,2.584,126.1019355,7.372
15,04-06-2010,693192.5,0,69.99,3.006,132.3648387,8.185
27,09-09-2011,1911470.84,1,70.93,3.93,140.2310173,7.85
7,28-10-2011,527339.52,0,28.82,3.55,195.3318977,8.513
40,24-12-2010,1648829.18,0,24.18,3.15,132.7477419,5.287
26,10-09-2010,1042226.3,1,54.82,2.717,132.7564516,8.445
4,27-01-2012,1928720.51,0,40.31,3.29,130.3144516,4.607
23,27-04-2012,1277758.76,0,44.62,4.023,137.9781333,4.125
30,13-01-2012,447023.91,0,45.0,3.261,219.5328198,7.057
13,06-04-2012,2271614.76,0,48.85,3.793,131.0375484,5.965
35,05-10-2012,866064.4,0,64.5,3.985,142.8516833,8.665
40,21-10-2011,942319.65,0,51.61,3.618,136.5017742,4.42
37,27-07-2012,514489.17,0,84.0,3.407,220.6234054,6.623
36,09-07-2010,471713.59,0,81.74,2.596,209.8708867,8.36
12,27-08-2010,1004516.46,0,93.19,3.129,126.0892903,14.18
16,18-11-2011,480353.64,0,31.73,3.479,195.7184713,6.232
5,20-05-2011,299614.33,0,71.37,3.907,216.3023847,6.489
44,01-04-2011,281514.26,0,42.49,3.487,128.7199355,6.906
7,09-03-2012,579166.5,0,30.1,3.286,196.9631599,8.256
43,19-10-2012,623919.23,0,71.25,3.594,214.7212488,8.839
1,15-06-2012,1630607.0,0,79.35,3.393,221.7626421,7.143
12,16-03-2012,1088498.52,0,64.44,4.273,130.8261935,12.187
16,27-01-2012,453979.19,0,28.17,3.038,196.8262786,6.162
31,20-07-2012,1392395.2,0,84.25,3.311,221.5701123,6.565
41,11-06-2010,1217199.39,0,63.36,2.684,189.4000734,7.363
27,13-04-2012,1650405.21,0,52.22,4.187,141.8433929,8.253
2,30-04-2010,1802450.29,0,66.98,2.78,210.0505833,8.2
17,26-03-2010,793097.64,0,35.59,2.819,126.6050645,6.548
29,15-04-2011,518245.97,0,48.88,3.823,134.2784667,9.966
31,25-03-2011,1357036.1,0,70.33,3.473,214.2521573,8.028
8,14-10-2011,863188.26,0,61.74,3.274,220.7960935,6.123
30,18-03-2011,425470.84,0,63.26,3.488,214.0156238,8.028
17,10-09-2010,1200888.28,1,56.28,2.87,126.1145806,6.697
21,19-08-2011,855546.5,0,90.11,3.554,215.3229307,7.852
38,21-09-2012,409600.98,0,82.97,4.125,131.0103333,10.926
3,19-02-2010,421642.19,0,47.07,2.514,214.6198868,7.368
7,24-06-2011,640043.97,0,46.85,3.661,192.9982655,8.595
21,14-01-2011,650789.13,0,34.14,2.983,211.1176713,8.028
29,13-04-2012,520493.83,0,49.89,4.025,137.868,9.14
35,01-06-2012,932195.52,0,73.4,3.742,142.1095438,8.876
21,23-07-2010,765823.48,0,87.17,2.608,210.8921319,8.099
29,04-05-2012,504963.84,0,50.75,3.991,138.0332,9.14
30,27-08-2010,443810.78,0,86.2,2.619,211.2241759,8.099
23,13-01-2012,1031451.35,0,28.49,3.523,136.753,4.261
41,16-03-2012,1201511.62,0,47.76,3.486,197.0457208,6.589
21,12-10-2012,653043.44,0,61.53,3.601,223.0154263,6.17
34,05-11-2010,972292.31,0,52.43,2.699,126.4912903,10.21
31,03-08-2012,1390174.63,0,91.57,3.417,221.5869799,6.565
45,14-01-2011,654018.95,0,24.78,3.205,182.6585782,8.549
7,16-09-2011,558981.45,0,43.67,3.596,194.7419707,8.622
17,13-05-2011,870625.49,0,49.26,3.77,129.089,6.774
36,25-11-2011,332811.55,1,66.41,3.181,217.1812533,7.716
39,03-02-2012,1396150.15,0,60.69,3.36,218.8619099,7.244
45,26-03-2010,782563.38,0,54.36,2.854,181.9718697,8.992
12,29-06-2012,943124.74,0,90.47,3.875,130.7562667,11.627
43,10-12-2010,598679.02,0,52.52,2.843,203.4475786,10.21
31,19-10-2012,1378730.45,0,68.52,3.594,223.0598077,6.17
37,23-03-2012,520887.23,0,69.18,3.787,219.9705599,7.244
31,08-10-2010,1300131.68,0,65.76,2.633,211.4044906,8.163
32,11-11-2011,1182733.0,0,38.1,3.505,195.6376941,8.513
41,27-07-2012,1344723.97,0,73.31,3.57,197.9792136,6.432
7,13-07-2012,694150.89,0,64.21,3.613,197.8788621,7.872
13,10-02-2012,2069284.57,1,33.73,3.116,130.3849032,6.104
31,26-11-2010,1858856.06,1,62.96,2.735,211.4062867,8.163
26,22-07-2011,1017867.8,0,69.52,3.882,135.8738387,7.767
43,10-08-2012,643558.78,0,86.36,3.494,213.3473641,9.285
7,15-06-2012,666942.02,0,59.33,3.723,197.692292,8.09
29,20-05-2011,492932.51,0,58.56,4.101,134.6803871,9.966
27,24-12-2010,3078162.08,0,31.34,3.309,136.597273,8.021
41,29-06-2012,1355600.01,0,76.54,3.693,197.785577,6.547
28,16-03-2012,1337875.49,0,64.44,4.273,130.8261935,12.187
33,16-07-2010,280937.84,0,100.14,2.971,126.1498065,9.495
34,21-09-2012,943047.78,0,66.08,3.721,131.0103333,9.285
11,03-12-2010,1380522.64,0,55.9,2.708,214.9153531,7.564
42,20-04-2012,552529.23,0,67.75,4.111,131.1173333,7.382
28,24-06-2011,1208809.34,0,88.95,3.898,129.0663,13.736
28,16-04-2010,1268240.66,0,64.95,3.109,126.5621,14.099
42,03-06-2011,545109.3,0,81.87,3.893,129.0490323,8.494
11,13-08-2010,1384339.1,0,87.73,2.692,214.9730444,7.346
10,02-03-2012,1990371.02,0,57.62,3.882,130.6457931,7.545
2,01-06-2012,1910092.37,0,78.38,3.501,221.3852748,6.891
20,10-09-2010,2014954.79,1,65.02,2.699,204.7266827,7.527
28,11-02-2011,1397301.38,1,51.3,3.381,127.859129,14.021
19,11-05-2012,1442873.22,0,55.33,4.055,138.0882667,8.15
29,20-08-2010,531640.19,0,73.21,2.796,132.6616129,10.409
39,25-02-2011,1240921.19,0,67.77,3.065,212.2912786,8.395
7,17-06-2011,610991.35,0,48.79,3.697,192.9034759,8.595
32,23-09-2011,1116140.29,0,58.66,3.581,194.8099713,8.622
27,14-05-2010,1842465.78,0,53.82,3.112,136.010394,8.058
17,30-03-2012,872469.03,0,45.29,3.734,130.9670968,6.403
16,24-09-2010,511330.32,0,58.19,2.793,190.5713264,6.868
33,18-02-2011,252349.6,0,62.03,3.43,127.99525,8.951
2,27-01-2012,1660906.14,0,50.5,3.29,219.7188636,7.057
12,02-07-2010,951957.31,0,91.98,3.105,126.1392,14.18
13,26-11-2010,2766400.05,1,28.22,2.83,126.6692667,7.795
44,10-02-2012,325377.97,1,33.73,3.116,130.3849032,5.774
39,30-04-2010,1263836.59,0,70.03,2.78,209.170772,8.464
7,06-05-2011,407012.47,0,26.54,3.735,192.7252006,8.595
30,07-05-2010,457883.94,0,70.87,2.835,210.0011018,8.2
34,25-06-2010,895800.07,0,78.47,2.654,126.1266,9.593
2,29-06-2012,1881046.12,0,86.32,3.286,221.4813343,6.891
5,16-12-2011,379530.3,0,54.42,3.159,219.7596266,6.3
30,18-05-2012,460945.14,0,72.42,3.63,221.380331,6.891
14,28-01-2011,1613718.38,0,24.05,3.237,183.1800955,8.549
36,20-01-2012,330927.21,0,58.9,3.275,218.6755292,7.244
42,25-03-2011,522673.62,0,62.53,3.716,128.6160645,8.744
9,02-04-2010,545206.32,0,65.21,2.719,214.3465181,6.384
42,08-10-2010,599759.45,0,77.04,2.924,126.2791667,9.003
37,08-06-2012,528940.78,0,81.5,3.452,220.4357073,6.989
44,29-10-2010,286497.49,0,45.12,2.841,126.4364194,7.61
34,09-12-2011,1084243.91,0,24.69,3.153,129.8555333,10.148
19,08-06-2012,1390122.11,0,60.19,3.871,138.1174194,8.15
19,04-06-2010,1519013.49,0,68.88,3.006,132.3648387,8.185
38,28-09-2012,398468.08,0,81.22,3.966,131.043,10.926
13,06-05-2011,1986380.4,0,47.75,3.744,129.0444333,7.193
17,29-06-2012,982322.24,0,71.14,3.681,130.7562667,6.235
22,16-04-2010,1000968.67,0,51.14,2.885,135.82725,8.348
40,03-09-2010,976453.34,0,70.66,2.735,132.7248387,5.326
17,18-06-2010,877996.27,0,54.94,2.819,126.114,6.635
25,29-06-2012,718890.81,0,69.84,3.506,214.6466757,7.139
5,20-04-2012,330063.06,0,67.33,3.877,222.1512315,5.801
14,04-03-2011,2041215.61,0,38.65,3.433,184.3879911,8.549
43,03-12-2010,557543.62,0,44.56,2.708,203.5714286,10.21
5,12-11-2010,301827.36,0,62.37,2.728,212.5604113,6.768
22,27-05-2011,1021568.34,0,62.59,4.034,138.6782834,8.252
32,15-06-2012,1234759.54,0,70.91,3.723,197.692292,8.09
23,18-02-2011,1369971.57,0,26.6,3.263,133.3701429,5.114
16,08-06-2012,603618.89,0,65.43,3.741,197.6551863,6.169
44,04-06-2010,282351.82,0,59.85,2.871,126.1360645,7.972
18,20-01-2012,937522.77,0,24.2,3.542,136.8564194,8.075
1,05-11-2010,1551659.28,0,58.74,2.689,211.9563939,7.838
14,05-11-2010,2078417.47,0,45.65,2.917,182.9463648,8.724
12,22-07-2011,922231.92,0,91.17,3.794,129.1507742,13.503
40,24-06-2011,977103.64,0,62.59,3.851,135.2652667,4.781
2,20-04-2012,1847344.45,0,65.69,3.877,221.2021074,6.891
21,29-04-2011,783250.75,0,70.19,3.81,215.2772683,7.931
18,26-02-2010,1068157.45,0,35.42,2.753,131.686,9.202
6,17-08-2012,1543049.52,0,87.53,3.571,223.6510224,5.668
20,10-02-2012,2462978.28,1,33.47,3.64,213.1186138,6.961
33,03-08-2012,258533.12,0,92.13,3.595,130.737871,7.147
24,21-01-2011,1107170.39,0,23.69,3.391,133.0285161,8.252
25,18-11-2011,728525.6,0,46.41,3.53,211.1847207,7.082
39,26-03-2010,1235094.66,0,54.83,2.732,209.7870932,8.554
39,04-11-2011,1553629.59,0,58.04,3.332,216.5634344,7.716
30,02-04-2010,457884.06,0,64.12,2.719,210.4798874,8.2
9,21-10-2011,557075.21,0,65.46,3.353,221.1498206,6.054
8,06-07-2012,936205.5,0,81.24,3.227,225.4407043,5.401
30,16-12-2011,441265.08,0,50.56,3.159,218.8217928,7.441
14,02-03-2012,1926004.99,0,41.55,3.816,190.1714927,8.424
4,27-07-2012,2048613.65,0,81.06,3.356,130.7195806,4.077
7,24-12-2010,1045124.88,0,26.04,2.781,191.1430189,9.137
19,12-11-2010,1490235.86,0,40.3,3.065,132.9783226,8.067
22,12-10-2012,1004039.84,0,54.18,4.029,142.9376167,7.543
4,25-02-2011,2078094.69,0,49.0,3.087,128.13,6.51
16,13-05-2011,410406.95,0,43.29,3.767,192.826069,6.339
10,24-09-2010,1655036.75,0,85.75,2.939,126.1900333,9.199
35,26-11-2010,1781866.98,1,46.67,3.039,136.6895714,8.763
18,22-06-2012,1080357.89,0,70.92,3.629,138.1629,8.304
1,26-03-2010,1404429.92,0,51.45,2.732,211.0180424,8.106
17,13-08-2010,759995.18,0,65.17,2.837,126.064,6.697
39,12-02-2010,1266229.07,1,44.58,2.548,209.9970208,8.554
34,14-09-2012,955211.7,0,64.28,3.706,130.9776667,9.285
33,03-12-2010,209986.25,0,52.82,3.041,126.7313333,9.265
40,08-04-2011,947753.32,0,34.77,3.72,134.1777742,4.781
11,25-06-2010,1262025.08,0,84.5,2.653,214.6660741,7.343
9,11-03-2011,517783.5,0,54.75,3.459,217.6977326,6.416
17,28-09-2012,972716.24,0,57.77,3.821,131.043,5.936
19,08-07-2011,1465489.75,0,73.2,3.886,135.6283333,7.806
13,23-12-2011,3556766.03,0,24.76,3.186,129.9845484,6.392
43,11-11-2011,615975.5,0,51.26,3.297,209.6632811,10.148
20,09-04-2010,2007796.26,0,65.1,2.869,203.8488134,7.856
6,18-03-2011,1685375.47,0,65.07,3.488,215.9035078,6.858
16,27-07-2012,539337.87,0,69.0,3.57,197.9792136,6.061
8,16-04-2010,882917.12,0,62.66,2.808,213.8186357,6.29
41,03-06-2011,1297584.95,0,54.81,3.763,192.8418131,6.934
23,09-07-2010,1417535.78,0,77.16,2.806,132.5461333,5.326
34,11-02-2011,1015654.6,1,28.66,3.033,127.859129,10.398
14,17-08-2012,1660433.3,0,75.71,3.807,191.2284919,8.684
9,24-08-2012,572887.78,0,77.9,3.62,225.9364729,5.277
13,20-05-2011,1860923.55,0,52.12,3.802,129.0756774,7.193
32,25-05-2012,1232784.22,0,59.74,3.804,197.5886046,8.09
4,04-06-2010,1903290.58,0,70.83,2.701,126.1360645,7.896
7,09-07-2010,593462.34,0,58.0,2.711,189.5231276,9.017
42,23-03-2012,561226.38,0,56.54,4.288,130.8966452,7.545
41,12-03-2010,1023997.71,0,33.4,2.684,189.7372075,7.541
20,16-04-2010,1985784.59,0,55.43,2.899,203.7307486,7.856
22,17-12-2010,1527682.99,0,30.46,3.139,136.5292811,8.572
37,19-02-2010,510382.5,0,45.66,2.514,210.0451024,8.554
6,13-05-2011,1453185.65,0,76.95,3.899,217.5247882,6.855
19,29-07-2011,1298775.8,0,74.86,4.004,135.9639355,7.806
44,09-12-2011,304300.91,0,24.82,3.341,129.8555333,6.078
13,24-09-2010,1705655.09,0,68.22,2.872,126.1900333,7.951
15,22-06-2012,687085.6,0,74.28,3.722,138.1629,8.15
16,20-04-2012,436221.26,0,43.61,3.936,197.7227385,6.169
20,08-07-2011,2123787.79,0,74.69,3.711,208.4386847,7.274
17,07-09-2012,1255633.29,1,61.99,3.689,130.9325484,5.936
44,13-07-2012,336479.49,0,83.68,3.595,130.683,5.407
39,23-12-2011,2554482.84,0,54.62,3.112,218.0541851,7.716
7,30-07-2010,603547.16,0,66.07,2.69,189.9368504,9.017
28,23-04-2010,1244177.21,0,64.55,3.05,126.4713333,14.099
8,28-10-2011,876712.31,0,56.86,3.372,221.1278032,6.123
33,03-06-2011,243477.03,0,82.93,3.893,129.0490323,8.687
31,06-07-2012,1458059.42,0,85.26,3.227,221.5215064,6.565
4,20-01-2012,2005097.76,0,42.09,3.273,130.2792258,4.607
39,06-08-2010,1409989.67,0,84.92,2.627,210.2614925,8.36
18,26-03-2010,1092704.09,0,47.55,2.831,131.863129,9.202
37,11-03-2011,505610.4,0,59.15,3.459,212.8611313,8.395
43,03-09-2010,689326.91,0,80.43,2.577,203.4507258,9.816
19,01-10-2010,1379456.3,0,59.91,2.84,132.7568,8.067
40,03-08-2012,1068346.76,0,70.15,3.698,138.1735806,4.156
17,19-02-2010,800714.0,0,25.06,2.654,126.5262857,6.548
13,23-04-2010,1909330.77,0,55.66,2.936,126.4713333,8.107
5,29-10-2010,278031.81,0,70.58,2.716,212.464799,6.768
4,19-10-2012,2097266.85,0,64.46,3.61,131.1499677,3.879
14,25-05-2012,2030869.61,0,67.21,3.798,191.0028096,8.567
10,03-09-2010,1766331.45,0,83.8,3.087,126.1019355,9.199
3,11-03-2011,404753.3,0,61.29,3.459,217.4653683,7.551
5,21-05-2010,301615.49,0,75.2,2.826,211.169023,6.465
37,23-04-2010,527019.78,0,68.03,2.795,209.2199574,8.464
5,29-04-2011,307291.56,0,74.75,3.81,216.1968142,6.489
4,12-03-2010,1894324.09,0,49.63,2.704,126.6042857,8.623
14,10-12-2010,2600519.26,0,30.54,3.109,182.5519538,8.724
23,03-06-2011,1562161.97,0,67.21,3.973,134.8551613,4.781
1,16-12-2011,1881176.67,0,51.63,3.159,219.1794533,7.866
26,04-11-2011,988950.75,0,31.7,3.586,136.475129,7.598
32,05-11-2010,1063056.21,0,49.2,2.729,190.9964377,9.137
39,09-03-2012,1470764.35,0,61.64,3.669,219.7437314,7.244
43,11-05-2012,640159.04,0,67.59,3.688,213.1623524,9.575
15,20-05-2011,593941.9,0,57.19,4.202,134.6803871,7.658
11,24-02-2012,1379473.03,0,61.11,3.555,224.1320199,6.833
26,07-05-2010,1074479.73,0,54.72,2.981,132.1062,8.512
26,29-06-2012,1051190.44,0,60.71,3.577,138.1962667,7.489
37,02-04-2010,540189.7,0,63.43,2.719,209.5938656,8.464
26,01-07-2011,1070119.09,0,59.89,3.815,135.4468,7.767
36,13-01-2012,325976.34,0,56.28,3.254,218.5823389,7.244
27,11-05-2012,1674306.31,0,58.97,4.055,142.0759262,8.253
11,07-10-2011,1346271.06,0,76.97,3.285,220.4299007,7.197
7,24-02-2012,603041.14,0,24.41,3.129,196.9499007,8.256
40,03-06-2011,1075687.74,0,66.16,3.973,134.8551613,4.781
4,30-12-2011,2007105.86,1,36.89,3.119,130.0710323,5.143
2,24-09-2010,1724557.22,0,81.79,2.624,211.2552578,8.099
26,25-11-2011,1282320.05,1,31.07,3.536,136.4788,7.598
18,05-11-2010,1089530.94,0,42.05,2.938,132.9245806,9.331
34,18-05-2012,998672.85,0,64.97,3.62,131.0983226,9.575
15,14-10-2011,537300.94,0,61.3,3.744,136.5150968,7.866
21,19-10-2012,641368.14,0,68.52,3.594,223.0598077,6.17
39,01-04-2011,1316849.36,0,66.57,3.524,213.5776701,8.3
24,14-09-2012,1242909.53,0,64.28,4.088,138.5673,8.953
5,05-02-2010,317173.1,0,39.7,2.572,211.6539716,6.566
39,11-11-2011,1456957.38,0,63.11,3.297,216.7217373,7.716
27,14-01-2011,1532308.62,0,25.7,3.367,136.803477,7.827
5,25-06-2010,295257.3,0,83.72,2.653,211.8960815,6.465
38,22-10-2010,339042.18,0,68.85,3.014,126.3815484,14.313
22,25-03-2011,933528.39,0,38.77,3.624,137.8478929,8.458
29,21-05-2010,502021.82,0,59.99,2.961,132.2230323,10.16
17,30-09-2011,868191.05,0,61.4,3.623,129.6060667,6.745
22,08-04-2011,969046.69,0,44.42,3.72,138.0638929,8.252
43,23-07-2010,649035.55,0,86.6,2.608,203.1750161,9.816
44,29-06-2012,338386.08,0,82.0,3.681,130.7562667,5.621
36,20-07-2012,303289.55,0,81.76,3.301,220.6148749,6.623
42,26-10-2012,514756.08,0,70.5,4.301,131.1930968,6.943
16,22-04-2011,368600.0,0,40.74,3.636,192.5234638,6.339
30,19-02-2010,463513.26,0,39.75,2.514,210.9451605,8.324
18,08-04-2011,1018541.3,0,43.32,3.72,134.1777742,8.975
30,17-08-2012,423351.15,0,85.55,3.571,221.6751459,6.565
3,16-12-2011,510747.62,0,57.95,3.159,222.6426418,7.197
6,21-09-2012,1425603.65,0,70.81,3.721,224.4017192,5.668
14,02-07-2010,2334788.42,0,76.61,2.815,182.3187801,8.743
3,16-09-2011,375629.51,0,83.63,3.526,219.3972867,7.567
28,04-06-2010,1543678.02,0,81.39,2.941,126.1360645,14.099
32,09-12-2011,1415746.91,0,17.94,3.331,195.8742575,8.513
39,28-09-2012,1495607.07,0,78.04,3.666,221.6556,6.623
44,21-01-2011,276157.8,0,34.8,2.934,127.4404839,7.224
26,02-12-2011,1012498.49,0,36.74,3.501,136.4909333,7.598
45,16-12-2011,1078905.68,0,39.93,3.413,188.7979349,8.523
26,29-07-2011,1005360.5,0,63.32,3.898,135.9639355,7.767
8,03-02-2012,927610.69,0,45.56,3.36,223.7079023,5.825
15,13-05-2011,630482.91,0,57.07,4.211,134.593,7.658
17,01-07-2011,940554.34,0,67.39,3.613,129.0894,6.745
41,29-07-2011,1248330.1,0,71.3,3.547,193.711525,6.901
10,14-01-2011,1710803.59,0,49.98,3.312,127.3009355,8.744
16,10-12-2010,570103.64,0,32.02,2.728,190.9741069,6.986
42,03-09-2010,524658.06,0,83.8,3.087,126.1019355,9.199
41,13-05-2011,1270025.74,0,50.29,3.767,192.826069,6.934
27,23-09-2011,1606208.68,0,63.61,3.899,140.32725,7.85
16,13-01-2012,508520.09,0,19.55,3.077,196.7330517,6.162
44,28-10-2011,306336.07,0,47.41,3.567,129.7936774,6.078
44,12-08-2011,290399.66,0,75.95,3.606,129.2015806,6.56
9,13-08-2010,481897.98,0,86.85,2.692,215.2039756,6.442
23,20-07-2012,1381339.23,0,71.13,3.61,138.2331935,4.156
30,02-07-2010,450337.47,0,82.29,2.669,210.8803726,8.099
14,26-10-2012,1704357.62,0,58.85,3.882,192.3088989,8.667
10,07-09-2012,1708283.28,1,83.07,4.124,130.9325484,7.17
19,30-03-2012,1327139.35,0,43.47,4.098,137.7261935,7.943
45,18-11-2011,773603.77,0,51.34,3.53,188.1983654,8.523
26,21-05-2010,986765.01,0,50.81,2.961,132.2230323,8.512
27,06-04-2012,1899013.34,0,48.73,4.143,141.7712396,8.253
36,01-10-2010,422169.47,0,74.66,2.567,210.4404433,8.476
38,15-10-2010,337743.26,0,75.0,2.976,126.3266774,14.313
26,27-08-2010,977322.52,0,57.23,2.77,132.6932258,8.445
11,01-10-2010,1182490.46,0,75.11,2.603,214.9846548,7.564
7,28-05-2010,442734.55,0,54.24,2.737,189.4452425,8.963
17,09-04-2010,770228.02,0,34.05,2.877,126.6019032,6.635
19,03-06-2011,1457345.75,0,66.01,4.069,134.8551613,7.658
33,15-07-2011,265003.47,0,92.83,3.779,129.1338387,8.442
39,15-06-2012,1587499.82,0,81.33,3.393,220.4494148,6.989
9,24-02-2012,563578.79,0,53.67,3.555,224.3741384,5.667
29,06-01-2012,469773.85,0,34.61,3.439,136.698129,8.988
6,29-06-2012,1648863.46,0,87.35,3.286,223.4506878,5.964
32,18-11-2011,1181651.55,0,42.61,3.479,195.7184713,8.513
5,09-04-2010,328020.49,0,65.19,2.77,211.1738835,6.465
2,08-04-2011,1847552.61,0,67.0,3.622,214.7252242,7.931
12,27-05-2011,964332.51,0,76.67,4.087,129.0623548,13.736
15,30-04-2010,570791.11,0,49.09,3.042,132.0644333,8.185
23,24-02-2012,1272948.27,0,31.12,3.751,137.3411034,4.261
27,03-02-2012,1564246.02,0,42.52,3.796,141.0161924,8.009
7,31-12-2010,729572.08,1,13.76,2.829,191.2557002,9.137
5,25-03-2011,294732.5,0,70.71,3.473,215.1640872,6.634
40,07-05-2010,1009797.06,0,60.05,2.981,132.1062,5.435
30,30-12-2011,376777.45,1,45.16,3.129,219.1773063,7.441
14,20-04-2012,1875686.44,0,63.13,4.027,190.8138013,8.567
2,18-06-2010,2001636.96,0,85.81,2.637,211.1096543,8.2
33,10-09-2010,272834.88,1,91.77,2.961,126.1145806,9.495
31,22-07-2011,1401944.8,0,90.27,3.651,215.0749122,7.852
41,31-12-2010,1001790.16,1,25.19,2.829,191.2557002,7.508
29,21-01-2011,445134.15,0,26.8,3.232,133.0285161,10.256
5,17-12-2010,367801.19,0,51.61,2.869,211.9580815,6.768
7,04-06-2010,509183.22,0,53.63,2.7,189.422658,8.963
11,12-02-2010,1574684.08,1,48.01,2.548,214.5747916,7.368
21,06-04-2012,761956.58,0,69.02,3.891,221.0737638,6.891
32,19-03-2010,1059781.78,0,42.43,2.692,189.734262,9.014
4,11-05-2012,2127661.17,0,67.64,3.685,131.1453333,4.308
41,01-07-2011,1333347.78,0,67.01,3.597,193.0930552,6.901
41,27-04-2012,1248950.65,0,57.66,3.927,197.664546,6.547
38,06-04-2012,499267.66,0,64.05,4.121,131.0375484,11.627
26,05-11-2010,970224.51,0,30.51,2.938,132.9245806,8.149
36,16-07-2010,466962.04,0,84.43,2.561,209.8630532,8.36
28,12-11-2010,1266460.45,0,57.79,3.13,126.5461613,14.313
25,26-02-2010,628516.57,0,29.16,2.754,204.4630869,8.187
13,07-09-2012,2165796.31,1,70.65,3.689,130.9325484,5.765
29,10-12-2010,713834.74,0,28.43,3.132,132.6764,10.524
37,28-10-2011,517355.44,0,71.31,3.372,216.4051315,7.716
20,05-10-2012,2246411.89,0,60.77,3.985,215.9258865,7.293
14,19-02-2010,2204556.7,0,31.27,2.745,182.0347816,8.992
19,23-09-2011,1300375.76,0,61.32,3.899,136.367,7.806
24,02-12-2011,1335647.1,0,47.21,3.666,136.4909333,8.454
42,01-10-2010,481523.93,0,86.01,3.001,126.2346,9.003
5,27-05-2011,297149.69,0,80.14,3.786,216.0704083,6.489
35,21-09-2012,772302.94,0,66.1,4.038,142.6798167,8.839
8,02-04-2010,914500.91,0,60.18,2.719,214.164218,6.29
24,29-07-2011,1310973.06,0,74.84,4.004,135.9639355,8.358
44,24-08-2012,337985.74,0,77.37,3.582,130.8381613,5.407
5,06-05-2011,322904.68,0,66.27,3.906,216.3655877,6.489
24,26-11-2010,1779276.51,1,41.92,3.186,132.8369333,8.275
44,04-03-2011,293984.54,0,34.23,3.23,128.26475,7.224
26,05-08-2011,1107552.43,0,63.16,3.903,136.0540323,7.767
34,06-01-2012,953844.85,0,36.39,3.158,130.1575161,9.653
17,25-06-2010,893995.44,0,62.64,2.82,126.1266,6.635
32,20-08-2010,1189887.86,0,71.46,2.732,190.2948237,9.017
22,26-10-2012,1094422.69,0,57.58,3.917,142.7624113,7.543
30,08-07-2011,419764.37,0,89.16,3.48,214.9296249,7.852
15,25-11-2011,1066478.1,1,41.1,3.689,136.4788,7.866
29,14-01-2011,426905.26,0,24.76,3.215,132.9510645,10.256
14,16-12-2011,2594363.09,0,39.93,3.413,188.7979349,8.523
10,23-09-2011,1685910.53,0,82.51,3.789,129.5183333,8.257
42,15-07-2011,591703.82,0,86.01,3.779,129.1338387,8.257
7,22-04-2011,466594.89,0,31.84,3.636,192.5234638,8.595
42,02-04-2010,505907.41,0,63.66,3.086,126.6034839,9.524
4,04-05-2012,2196968.33,0,80.14,3.747,131.136,4.308
11,18-06-2010,1336522.92,0,84.13,2.637,214.7858259,7.343
20,07-10-2011,2135982.79,0,52.42,3.583,210.1170595,7.082
19,15-10-2010,1369317.63,0,51.32,2.999,132.7633548,8.067
14,19-11-2010,1968462.58,0,50.02,3.0,182.8989385,8.724
20,12-11-2010,2187765.28,0,42.38,2.931,205.2098614,7.484
15,06-08-2010,639651.24,0,72.7,2.942,132.6141935,8.099
37,17-06-2011,525132.36,0,84.43,3.637,213.7481256,8.3
17,07-05-2010,843848.65,0,40.26,2.948,126.2898,6.635
14,06-08-2010,2219813.5,0,77.17,2.784,182.5320862,8.743
44,27-05-2011,308442.49,0,54.62,3.778,129.0623548,6.906
12,03-06-2011,970328.68,0,71.81,4.031,129.0490323,13.736
7,13-04-2012,517420.23,0,41.43,3.901,197.780931,8.09
44,03-09-2010,295880.12,0,65.71,2.868,126.1019355,7.804
15,02-12-2011,699028.66,0,45.67,3.666,136.4909333,7.866
40,05-02-2010,1001943.8,0,14.48,2.788,131.5279032,5.892
35,08-10-2010,874615.32,0,57.78,2.764,136.6277321,8.763
41,24-12-2010,2225016.73,0,29.81,2.781,191.1430189,7.508
45,23-12-2011,1521957.99,0,42.27,3.389,188.9299752,8.523
6,01-06-2012,1681121.38,0,80.39,3.501,223.3539397,5.964
25,05-11-2010,696314.53,0,38.8,2.917,205.160837,7.484
5,27-08-2010,288519.75,0,87.05,2.619,212.123908,6.496
16,05-11-2010,446905.02,0,39.94,2.729,190.9964377,6.986
36,23-12-2011,325262.46,0,55.41,3.098,218.0541851,7.716
29,18-02-2011,542529.21,0,35.34,3.263,133.3701429,10.256
43,18-11-2011,628115.61,0,57.75,3.308,209.8651071,10.148
12,09-04-2010,1041238.87,0,59.25,3.09,126.6019032,14.099
39,30-07-2010,1308222.24,0,80.99,2.64,210.1286794,8.36
3,30-03-2012,407488.84,0,69.36,3.845,224.8651254,6.833
15,02-04-2010,718470.71,0,45.27,2.957,131.9019677,8.185
8,03-06-2011,929222.16,0,82.05,3.699,218.6921051,6.297
13,25-03-2011,1807545.43,0,42.38,3.435,128.6160645,7.47
44,27-08-2010,293155.08,0,75.31,2.854,126.0892903,7.804
9,05-10-2012,606755.3,0,66.61,3.617,226.9662325,4.954
38,21-01-2011,341098.08,0,53.53,3.223,127.4404839,14.021
33,02-03-2012,248051.53,0,60.91,3.882,130.6457931,7.603
43,13-01-2012,663529.64,0,43.68,3.261,211.4115714,9.653
13,25-05-2012,2043349.41,0,62.39,3.801,131.0287742,5.965
38,05-10-2012,458479.01,0,81.61,3.966,131.0756667,10.199
8,11-06-2010,914835.86,0,82.21,2.668,214.834529,6.29
7,30-03-2012,583322.2,0,44.99,3.75,197.4133259,8.256
10,05-11-2010,1832211.96,0,71.04,3.009,126.4912903,9.003
27,20-07-2012,1730913.66,0,78.64,3.732,142.2337569,8.239
4,24-12-2010,3526713.39,0,43.21,2.887,126.9835806,7.127
20,18-11-2011,2169933.82,0,49.3,3.53,211.1847207,7.082
34,04-11-2011,992621.93,0,48.04,3.322,129.8051935,10.148
12,05-08-2011,988712.52,0,90.61,3.803,129.1846452,13.503
42,27-01-2012,538978.67,0,53.59,3.675,130.3144516,7.545
39,24-12-2010,2495489.25,0,58.86,2.886,210.1805602,8.476
18,16-12-2011,1516924.23,0,35.52,3.445,136.5335161,8.471
9,15-04-2011,528420.28,0,71.9,3.743,218.9134935,6.38
29,03-12-2010,642678.53,0,39.42,3.065,132.7566667,10.524
2,05-11-2010,1939061.41,0,57.85,2.689,211.6135053,8.163
10,30-09-2011,1627707.31,0,82.27,3.877,129.6060667,8.257
6,23-07-2010,1585240.92,0,83.9,2.608,212.7578505,6.973
38,09-07-2010,343850.34,0,90.37,3.1,126.1518,14.18
35,10-06-2011,855130.21,0,73.26,3.881,138.8606382,8.512
42,13-05-2011,603024.75,0,74.04,4.202,129.089,8.494
40,20-01-2012,811365.42,0,14.02,3.542,136.8564194,4.261
